[
{
  "model": "catalog.country",
  "pk": 1,
  "fields": {
    "created_at": "2026-04-09T12:18:06.259Z",
    "updated_at": "2026-04-09T12:18:06.259Z",
    "slug": "brasil",
    "name": "Brasil",
    "code": "BRA",
    "alternative_names": "Brazil",
    "is_active": true
  }
},
{
  "model": "catalog.country",
  "pk": 2,
  "fields": {
    "created_at": "2026-04-13T15:44:39.522Z",
    "updated_at": "2026-04-13T16:46:04.713Z",
    "slug": "portugal",
    "name": "Portugal",
    "code": "PRT",
    "alternative_names": "Portuguese Republic",
    "is_active": true
  }
},
{
  "model": "catalog.country",
  "pk": 3,
  "fields": {
    "created_at": "2026-04-13T15:44:39.538Z",
    "updated_at": "2026-04-13T16:46:04.739Z",
    "slug": "espanha",
    "name": "Espanha",
    "code": "ESP",
    "alternative_names": "Spain, Reino de Espanha",
    "is_active": true
  }
},
{
  "model": "catalog.country",
  "pk": 4,
  "fields": {
    "created_at": "2026-04-13T15:44:39.552Z",
    "updated_at": "2026-04-13T16:46:04.759Z",
    "slug": "italia",
    "name": "Itália",
    "code": "ITA",
    "alternative_names": "Italy, Repubblica Italiana",
    "is_active": true
  }
},
{
  "model": "catalog.country",
  "pk": 5,
  "fields": {
    "created_at": "2026-04-13T16:30:26.593Z",
    "updated_at": "2026-04-13T16:46:04.782Z",
    "slug": "franca",
    "name": "França",
    "code": "FRA",
    "alternative_names": "France, République française",
    "is_active": true
  }
},
{
  "model": "catalog.country",
  "pk": 6,
  "fields": {
    "created_at": "2026-04-13T16:30:26.623Z",
    "updated_at": "2026-04-13T16:46:04.806Z",
    "slug": "alemanha",
    "name": "Alemanha",
    "code": "DEU",
    "alternative_names": "Germany, Deutschland",
    "is_active": true
  }
},
{
  "model": "catalog.country",
  "pk": 7,
  "fields": {
    "created_at": "2026-04-13T16:30:26.651Z",
    "updated_at": "2026-04-13T16:46:04.831Z",
    "slug": "inglaterra",
    "name": "Inglaterra",
    "code": "ENG",
    "alternative_names": "England",
    "is_active": true
  }
},
{
  "model": "catalog.country",
  "pk": 8,
  "fields": {
    "created_at": "2026-04-13T16:34:32.348Z",
    "updated_at": "2026-04-13T16:46:04.843Z",
    "slug": "arabia-saudita",
    "name": "Arábia Saudita",
    "code": "SAU",
    "alternative_names": "Saudi Arabia, Kingdom of Saudi Arabia",
    "is_active": true
  }
},
{
  "model": "catalog.country",
  "pk": 9,
  "fields": {
    "created_at": "2026-04-13T16:34:32.363Z",
    "updated_at": "2026-04-13T16:46:04.855Z",
    "slug": "estados-unidos",
    "name": "Estados Unidos",
    "code": "USA",
    "alternative_names": "United States, United States of America, USA",
    "is_active": true
  }
},
{
  "model": "catalog.country",
  "pk": 10,
  "fields": {
    "created_at": "2026-04-13T16:40:43.177Z",
    "updated_at": "2026-04-13T16:46:04.866Z",
    "slug": "argentina",
    "name": "Argentina",
    "code": "ARG",
    "alternative_names": "Argentine Republic, República Argentina",
    "is_active": true
  }
},
{
  "model": "catalog.country",
  "pk": 11,
  "fields": {
    "created_at": "2026-04-13T16:40:43.190Z",
    "updated_at": "2026-04-13T16:46:04.878Z",
    "slug": "mexico",
    "name": "México",
    "code": "MEX",
    "alternative_names": "Mexico, Estados Unidos Mexicanos",
    "is_active": true
  }
},
{
  "model": "catalog.country",
  "pk": 12,
  "fields": {
    "created_at": "2026-04-13T16:40:43.202Z",
    "updated_at": "2026-04-13T16:46:04.891Z",
    "slug": "holanda",
    "name": "Holanda",
    "code": "NLD",
    "alternative_names": "Netherlands, Nederland, Países Baixos",
    "is_active": true
  }
},
{
  "model": "catalog.division",
  "pk": 1,
  "fields": {
    "created_at": "2026-04-09T12:18:06.262Z",
    "updated_at": "2026-04-12T22:44:19.992Z",
    "slug": "campeonato-brasileiro-serie-a",
    "country": 1,
    "name": "Campeonato Brasileiro Série A",
    "short_name": "Série A",
    "scope": "national",
    "state": "",
    "level": 1,
    "alternative_names": "Campeonato Brasileiro Serie A,Brasileirão Série A,Brasileirao Serie A,Serie A",
    "is_active": true
  }
},
{
  "model": "catalog.division",
  "pk": 2,
  "fields": {
    "created_at": "2026-04-09T12:18:06.263Z",
    "updated_at": "2026-04-12T22:44:20.001Z",
    "slug": "campeonato-brasileiro-serie-b",
    "country": 1,
    "name": "Campeonato Brasileiro Série B",
    "short_name": "Série B",
    "scope": "national",
    "state": "",
    "level": 2,
    "alternative_names": "Campeonato Brasileiro Serie B,Brasileirão Série B,Brasileirao Serie B,Serie B",
    "is_active": true
  }
},
{
  "model": "catalog.division",
  "pk": 3,
  "fields": {
    "created_at": "2026-04-09T12:18:06.264Z",
    "updated_at": "2026-04-12T22:44:20.011Z",
    "slug": "campeonato-brasileiro-serie-c",
    "country": 1,
    "name": "Campeonato Brasileiro Série C",
    "short_name": "Série C",
    "scope": "national",
    "state": "",
    "level": 3,
    "alternative_names": "Campeonato Brasileiro Serie C,Brasileirão Série C,Brasileirao Serie C,Serie C",
    "is_active": true
  }
},
{
  "model": "catalog.division",
  "pk": 4,
  "fields": {
    "created_at": "2026-04-09T12:18:06.265Z",
    "updated_at": "2026-04-12T22:44:20.021Z",
    "slug": "campeonato-brasileiro-serie-d",
    "country": 1,
    "name": "Campeonato Brasileiro Série D",
    "short_name": "Série D",
    "scope": "national",
    "state": "",
    "level": 4,
    "alternative_names": "Campeonato Brasileiro Serie D,Brasileirão Série D,Brasileirao Serie D,Serie D",
    "is_active": true
  }
},
{
  "model": "catalog.division",
  "pk": 5,
  "fields": {
    "created_at": "2026-04-13T15:44:39.530Z",
    "updated_at": "2026-04-13T16:46:04.706Z",
    "slug": "prt-liga-portugal",
    "country": 2,
    "name": "Liga Portugal Betclic",
    "short_name": "Liga Portugal",
    "scope": "national",
    "state": "",
    "level": 1,
    "alternative_names": "Primeira Liga, Liga Portugal",
    "is_active": true
  }
},
{
  "model": "catalog.division",
  "pk": 6,
  "fields": {
    "created_at": "2026-04-13T15:44:39.544Z",
    "updated_at": "2026-04-13T16:46:04.733Z",
    "slug": "esp-laliga",
    "country": 3,
    "name": "LALIGA EA SPORTS",
    "short_name": "LaLiga",
    "scope": "national",
    "state": "",
    "level": 1,
    "alternative_names": "La Liga, Primera División",
    "is_active": true
  }
},
{
  "model": "catalog.division",
  "pk": 7,
  "fields": {
    "created_at": "2026-04-13T15:44:39.558Z",
    "updated_at": "2026-04-13T16:46:04.755Z",
    "slug": "ita-serie-a",
    "country": 4,
    "name": "Serie A Enilive",
    "short_name": "Serie A",
    "scope": "national",
    "state": "",
    "level": 1,
    "alternative_names": "Serie A",
    "is_active": true
  }
},
{
  "model": "catalog.division",
  "pk": 8,
  "fields": {
    "created_at": "2026-04-13T15:53:48.683Z",
    "updated_at": "2026-04-13T16:46:04.721Z",
    "slug": "prt-liga-portugal-2",
    "country": 2,
    "name": "Liga Portugal 2 Meu Super",
    "short_name": "Liga Portugal 2",
    "scope": "national",
    "state": "",
    "level": 2,
    "alternative_names": "Segunda Liga, Liga Portugal Meu Super",
    "is_active": true
  }
},
{
  "model": "catalog.division",
  "pk": 9,
  "fields": {
    "created_at": "2026-04-13T15:53:48.705Z",
    "updated_at": "2026-04-13T16:46:04.744Z",
    "slug": "esp-segunda-division",
    "country": 3,
    "name": "LALIGA HYPERMOTION",
    "short_name": "Segunda Division",
    "scope": "national",
    "state": "",
    "level": 2,
    "alternative_names": "LaLiga Hypermotion, Segunda División",
    "is_active": true
  }
},
{
  "model": "catalog.division",
  "pk": 10,
  "fields": {
    "created_at": "2026-04-13T15:53:48.731Z",
    "updated_at": "2026-04-13T16:46:04.764Z",
    "slug": "ita-serie-b",
    "country": 4,
    "name": "Serie BKT",
    "short_name": "Serie B",
    "scope": "national",
    "state": "",
    "level": 2,
    "alternative_names": "Serie B",
    "is_active": true
  }
},
{
  "model": "catalog.division",
  "pk": 11,
  "fields": {
    "created_at": "2026-04-13T16:30:26.602Z",
    "updated_at": "2026-04-13T16:46:04.776Z",
    "slug": "fra-ligue-1",
    "country": 5,
    "name": "Ligue 1 McDonald's",
    "short_name": "Ligue 1",
    "scope": "national",
    "state": "",
    "level": 1,
    "alternative_names": "Ligue 1",
    "is_active": true
  }
},
{
  "model": "catalog.division",
  "pk": 12,
  "fields": {
    "created_at": "2026-04-13T16:30:26.615Z",
    "updated_at": "2026-04-13T16:46:04.789Z",
    "slug": "fra-ligue-2",
    "country": 5,
    "name": "Ligue 2 BKT",
    "short_name": "Ligue 2",
    "scope": "national",
    "state": "",
    "level": 2,
    "alternative_names": "Ligue 2",
    "is_active": true
  }
},
{
  "model": "catalog.division",
  "pk": 13,
  "fields": {
    "created_at": "2026-04-13T16:30:26.632Z",
    "updated_at": "2026-04-13T16:46:04.800Z",
    "slug": "deu-bundesliga",
    "country": 6,
    "name": "Bundesliga",
    "short_name": "Bundesliga",
    "scope": "national",
    "state": "",
    "level": 1,
    "alternative_names": "1. Bundesliga",
    "is_active": true
  }
},
{
  "model": "catalog.division",
  "pk": 14,
  "fields": {
    "created_at": "2026-04-13T16:30:26.644Z",
    "updated_at": "2026-04-13T16:46:04.812Z",
    "slug": "deu-2-bundesliga",
    "country": 6,
    "name": "2. Bundesliga",
    "short_name": "2. Bundesliga",
    "scope": "national",
    "state": "",
    "level": 2,
    "alternative_names": "Bundesliga 2",
    "is_active": true
  }
},
{
  "model": "catalog.division",
  "pk": 15,
  "fields": {
    "created_at": "2026-04-13T16:30:26.659Z",
    "updated_at": "2026-04-13T16:46:04.825Z",
    "slug": "eng-premier-league",
    "country": 7,
    "name": "Premier League",
    "short_name": "Premier League",
    "scope": "national",
    "state": "",
    "level": 1,
    "alternative_names": "English Premier League, EPL",
    "is_active": true
  }
},
{
  "model": "catalog.division",
  "pk": 16,
  "fields": {
    "created_at": "2026-04-13T16:30:26.671Z",
    "updated_at": "2026-04-13T16:46:04.837Z",
    "slug": "eng-championship",
    "country": 7,
    "name": "EFL Championship",
    "short_name": "Championship",
    "scope": "national",
    "state": "",
    "level": 2,
    "alternative_names": "Sky Bet Championship, Championship",
    "is_active": true
  }
},
{
  "model": "catalog.division",
  "pk": 17,
  "fields": {
    "created_at": "2026-04-13T16:34:32.356Z",
    "updated_at": "2026-04-13T16:46:04.850Z",
    "slug": "sau-saudi-pro-league",
    "country": 8,
    "name": "Saudi Pro League",
    "short_name": "Saudi Pro League",
    "scope": "national",
    "state": "",
    "level": 1,
    "alternative_names": "Roshn Saudi League, SPL",
    "is_active": true
  }
},
{
  "model": "catalog.division",
  "pk": 18,
  "fields": {
    "created_at": "2026-04-13T16:34:32.369Z",
    "updated_at": "2026-04-13T16:46:04.860Z",
    "slug": "usa-mls",
    "country": 9,
    "name": "Major League Soccer",
    "short_name": "MLS",
    "scope": "national",
    "state": "",
    "level": 1,
    "alternative_names": "MLS, Major League Soccer",
    "is_active": true
  }
},
{
  "model": "catalog.division",
  "pk": 19,
  "fields": {
    "created_at": "2026-04-13T16:40:43.184Z",
    "updated_at": "2026-04-13T16:46:04.872Z",
    "slug": "arg-liga-profesional",
    "country": 10,
    "name": "Liga Profesional de Fútbol",
    "short_name": "Liga Profesional",
    "scope": "national",
    "state": "",
    "level": 1,
    "alternative_names": "LPF, Primera División Argentina",
    "is_active": true
  }
},
{
  "model": "catalog.division",
  "pk": 20,
  "fields": {
    "created_at": "2026-04-13T16:40:43.197Z",
    "updated_at": "2026-04-13T16:46:04.886Z",
    "slug": "mex-liga-mx",
    "country": 11,
    "name": "Liga BBVA MX",
    "short_name": "Liga MX",
    "scope": "national",
    "state": "",
    "level": 1,
    "alternative_names": "Liga MX, Primera División de México",
    "is_active": true
  }
},
{
  "model": "catalog.division",
  "pk": 21,
  "fields": {
    "created_at": "2026-04-13T16:40:43.209Z",
    "updated_at": "2026-04-13T16:46:04.896Z",
    "slug": "nld-eredivisie",
    "country": 12,
    "name": "Eredivisie",
    "short_name": "Eredivisie",
    "scope": "national",
    "state": "",
    "level": 1,
    "alternative_names": "Dutch Eredivisie",
    "is_active": true
  }
},
{
  "model": "clubs.club",
  "pk": 41,
  "fields": {
    "created_at": "2026-04-12T23:05:01.433Z",
    "updated_at": "2026-04-12T23:44:22.742Z",
    "slug": "palmeiras-2",
    "country": 1,
    "division": 1,
    "official_name": "Palmeiras",
    "short_name": "Palmeiras",
    "state": "",
    "city": "",
    "founded_year": null,
    "badge_url": "",
    "status": "active",
    "notes": "Aliases consolidados: Sociedade Esportiva Palmeiras"
  }
},
{
  "model": "clubs.club",
  "pk": 42,
  "fields": {
    "created_at": "2026-04-12T23:05:01.450Z",
    "updated_at": "2026-04-12T23:44:22.745Z",
    "slug": "fluminense-2",
    "country": 1,
    "division": 1,
    "official_name": "Fluminense",
    "short_name": "Fluminense",
    "state": "",
    "city": "",
    "founded_year": null,
    "badge_url": "",
    "status": "active",
    "notes": "Aliases consolidados: Fluminense Football Club"
  }
},
{
  "model": "clubs.club",
  "pk": 43,
  "fields": {
    "created_at": "2026-04-12T23:05:01.463Z",
    "updated_at": "2026-04-12T23:44:22.745Z",
    "slug": "bahia-2",
    "country": 1,
    "division": 1,
    "official_name": "Bahia",
    "short_name": "Bahia",
    "state": "",
    "city": "",
    "founded_year": null,
    "badge_url": "",
    "status": "active",
    "notes": "Aliases consolidados: Esporte Clube Bahia"
  }
},
{
  "model": "clubs.club",
  "pk": 44,
  "fields": {
    "created_at": "2026-04-12T23:05:01.477Z",
    "updated_at": "2026-04-12T23:44:22.746Z",
    "slug": "sao-paulo-2",
    "country": 1,
    "division": 1,
    "official_name": "São Paulo",
    "short_name": "São Paulo",
    "state": "",
    "city": "",
    "founded_year": null,
    "badge_url": "",
    "status": "active",
    "notes": "Aliases consolidados: Sao Paulo, Sao Paulo Futebol Clube"
  }
},
{
  "model": "clubs.club",
  "pk": 45,
  "fields": {
    "created_at": "2026-04-12T23:05:01.493Z",
    "updated_at": "2026-04-12T23:44:22.747Z",
    "slug": "atletico-pr",
    "country": 1,
    "division": 1,
    "official_name": "Atletico Pr",
    "short_name": "Atletico Pr",
    "state": "",
    "city": "",
    "founded_year": null,
    "badge_url": "",
    "status": "active",
    "notes": ""
  }
},
{
  "model": "clubs.club",
  "pk": 46,
  "fields": {
    "created_at": "2026-04-12T23:05:01.508Z",
    "updated_at": "2026-04-12T23:44:22.748Z",
    "slug": "flamengo-2",
    "country": 1,
    "division": 1,
    "official_name": "Flamengo",
    "short_name": "Flamengo",
    "state": "",
    "city": "",
    "founded_year": null,
    "badge_url": "",
    "status": "active",
    "notes": "Aliases consolidados: Clube de Regatas do Flamengo"
  }
},
{
  "model": "clubs.club",
  "pk": 47,
  "fields": {
    "created_at": "2026-04-12T23:05:01.524Z",
    "updated_at": "2026-04-12T23:44:22.748Z",
    "slug": "coritiba-2",
    "country": 1,
    "division": 1,
    "official_name": "Coritiba",
    "short_name": "Coritiba",
    "state": "",
    "city": "",
    "founded_year": null,
    "badge_url": "",
    "status": "active",
    "notes": "Aliases consolidados: Coritiba Foot Ball Club"
  }
},
{
  "model": "clubs.club",
  "pk": 48,
  "fields": {
    "created_at": "2026-04-12T23:05:01.542Z",
    "updated_at": "2026-04-12T23:44:22.750Z",
    "slug": "vasco-da-gama",
    "country": 1,
    "division": 1,
    "official_name": "Vasco da Gama",
    "short_name": "Vasco da Gama",
    "state": "",
    "city": "",
    "founded_year": null,
    "badge_url": "",
    "status": "active",
    "notes": ""
  }
},
{
  "model": "clubs.club",
  "pk": 49,
  "fields": {
    "created_at": "2026-04-12T23:05:01.556Z",
    "updated_at": "2026-04-12T23:44:22.751Z",
    "slug": "atletico-mg-2",
    "country": 1,
    "division": 1,
    "official_name": "Atletico Mg",
    "short_name": "Atletico Mg",
    "state": "",
    "city": "",
    "founded_year": null,
    "badge_url": "",
    "status": "active",
    "notes": ""
  }
},
{
  "model": "clubs.club",
  "pk": 50,
  "fields": {
    "created_at": "2026-04-12T23:05:01.573Z",
    "updated_at": "2026-04-12T23:44:22.752Z",
    "slug": "gremio-2",
    "country": 1,
    "division": 1,
    "official_name": "Grêmio",
    "short_name": "Grêmio",
    "state": "",
    "city": "",
    "founded_year": null,
    "badge_url": "",
    "status": "active",
    "notes": "Aliases consolidados: Gremio, Gremio Foot-Ball Porto Alegrense"
  }
},
{
  "model": "clubs.club",
  "pk": 51,
  "fields": {
    "created_at": "2026-04-12T23:05:01.590Z",
    "updated_at": "2026-04-12T23:44:22.752Z",
    "slug": "bragantino-2",
    "country": 1,
    "division": 1,
    "official_name": "Bragantino",
    "short_name": "Bragantino",
    "state": "",
    "city": "",
    "founded_year": null,
    "badge_url": "",
    "status": "active",
    "notes": "Aliases consolidados: Red Bull Bragantino"
  }
},
{
  "model": "clubs.club",
  "pk": 52,
  "fields": {
    "created_at": "2026-04-12T23:05:01.604Z",
    "updated_at": "2026-04-12T23:44:22.753Z",
    "slug": "vitoria-ba",
    "country": 1,
    "division": 1,
    "official_name": "Vitória Ba",
    "short_name": "Vitória Ba",
    "state": "",
    "city": "",
    "founded_year": null,
    "badge_url": "",
    "status": "active",
    "notes": ""
  }
},
{
  "model": "clubs.club",
  "pk": 53,
  "fields": {
    "created_at": "2026-04-12T23:05:01.622Z",
    "updated_at": "2026-04-12T23:44:22.753Z",
    "slug": "santos-2",
    "country": 1,
    "division": 1,
    "official_name": "Santos",
    "short_name": "Santos",
    "state": "",
    "city": "",
    "founded_year": null,
    "badge_url": "",
    "status": "active",
    "notes": "Aliases consolidados: Santos Futebol Clube"
  }
},
{
  "model": "clubs.club",
  "pk": 54,
  "fields": {
    "created_at": "2026-04-12T23:05:01.641Z",
    "updated_at": "2026-04-12T23:44:22.754Z",
    "slug": "corinthians-2",
    "country": 1,
    "division": 1,
    "official_name": "Corinthians",
    "short_name": "Corinthians",
    "state": "",
    "city": "",
    "founded_year": null,
    "badge_url": "",
    "status": "active",
    "notes": "Aliases consolidados: Sport Club Corinthians Paulista"
  }
},
{
  "model": "clubs.club",
  "pk": 55,
  "fields": {
    "created_at": "2026-04-12T23:05:01.658Z",
    "updated_at": "2026-04-12T23:44:22.754Z",
    "slug": "botafogo-2",
    "country": 1,
    "division": 1,
    "official_name": "Botafogo",
    "short_name": "Botafogo",
    "state": "",
    "city": "",
    "founded_year": null,
    "badge_url": "",
    "status": "active",
    "notes": "Aliases consolidados: Botafogo de Futebol e Regatas"
  }
},
{
  "model": "clubs.club",
  "pk": 56,
  "fields": {
    "created_at": "2026-04-12T23:05:01.676Z",
    "updated_at": "2026-04-12T23:44:22.754Z",
    "slug": "internacional-2",
    "country": 1,
    "division": 1,
    "official_name": "Internacional",
    "short_name": "Internacional",
    "state": "",
    "city": "",
    "founded_year": null,
    "badge_url": "",
    "status": "active",
    "notes": "Aliases consolidados: Sport Club Internacional"
  }
},
{
  "model": "clubs.club",
  "pk": 57,
  "fields": {
    "created_at": "2026-04-12T23:05:01.693Z",
    "updated_at": "2026-04-12T23:44:22.755Z",
    "slug": "cruzeiro-2",
    "country": 1,
    "division": 1,
    "official_name": "Cruzeiro",
    "short_name": "Cruzeiro",
    "state": "",
    "city": "",
    "founded_year": null,
    "badge_url": "",
    "status": "active",
    "notes": "Aliases consolidados: Cruzeiro Esporte Clube"
  }
},
{
  "model": "clubs.club",
  "pk": 58,
  "fields": {
    "created_at": "2026-04-12T23:05:01.718Z",
    "updated_at": "2026-04-12T23:44:22.755Z",
    "slug": "chapecoense-2",
    "country": 1,
    "division": 1,
    "official_name": "Chapecoense",
    "short_name": "Chapecoense",
    "state": "",
    "city": "",
    "founded_year": null,
    "badge_url": "",
    "status": "active",
    "notes": "Aliases consolidados: Associacao Chapecoense de Futebol"
  }
},
{
  "model": "clubs.club",
  "pk": 59,
  "fields": {
    "created_at": "2026-04-12T23:05:01.731Z",
    "updated_at": "2026-04-12T23:44:22.755Z",
    "slug": "mirasol",
    "country": 1,
    "division": 1,
    "official_name": "Mirasol",
    "short_name": "Mirasol",
    "state": "",
    "city": "",
    "founded_year": null,
    "badge_url": "",
    "status": "active",
    "notes": ""
  }
},
{
  "model": "clubs.club",
  "pk": 60,
  "fields": {
    "created_at": "2026-04-12T23:05:01.752Z",
    "updated_at": "2026-04-12T23:44:22.756Z",
    "slug": "remo-2",
    "country": 1,
    "division": 1,
    "official_name": "Remo",
    "short_name": "Remo",
    "state": "",
    "city": "",
    "founded_year": null,
    "badge_url": "",
    "status": "active",
    "notes": "Aliases consolidados: Clube do Remo"
  }
},
{
  "model": "clubs.club",
  "pk": 61,
  "fields": {
    "created_at": "2026-04-12T23:05:01.765Z",
    "updated_at": "2026-04-12T23:44:22.762Z",
    "slug": "botafogo-sp-2",
    "country": 1,
    "division": 2,
    "official_name": "Botafogo SP",
    "short_name": "Botafogo SP",
    "state": "",
    "city": "",
    "founded_year": null,
    "badge_url": "",
    "status": "active",
    "notes": ""
  }
},
{
  "model": "clubs.club",
  "pk": 62,
  "fields": {
    "created_at": "2026-04-12T23:05:01.777Z",
    "updated_at": "2026-04-12T23:44:22.762Z",
    "slug": "avai-2",
    "country": 1,
    "division": 2,
    "official_name": "Avaí",
    "short_name": "Avaí",
    "state": "",
    "city": "",
    "founded_year": null,
    "badge_url": "",
    "status": "active",
    "notes": "Aliases consolidados: Avai, Avai Futebol Clube"
  }
},
{
  "model": "clubs.club",
  "pk": 63,
  "fields": {
    "created_at": "2026-04-12T23:05:01.789Z",
    "updated_at": "2026-04-12T23:44:22.763Z",
    "slug": "operario-2",
    "country": 1,
    "division": 2,
    "official_name": "Operário",
    "short_name": "Operário",
    "state": "",
    "city": "",
    "founded_year": null,
    "badge_url": "",
    "status": "active",
    "notes": "Aliases consolidados: Operario, Operario Ferroviario Esporte Clube"
  }
},
{
  "model": "clubs.club",
  "pk": 64,
  "fields": {
    "created_at": "2026-04-12T23:05:01.802Z",
    "updated_at": "2026-04-12T23:44:22.764Z",
    "slug": "goias-2",
    "country": 1,
    "division": 2,
    "official_name": "Goias",
    "short_name": "Goias",
    "state": "",
    "city": "",
    "founded_year": null,
    "badge_url": "",
    "status": "active",
    "notes": "Aliases consolidados: Goias Esporte Clube"
  }
},
{
  "model": "clubs.club",
  "pk": 65,
  "fields": {
    "created_at": "2026-04-12T23:05:01.815Z",
    "updated_at": "2026-04-12T23:44:22.765Z",
    "slug": "londrina-2",
    "country": 1,
    "division": 2,
    "official_name": "Londrina",
    "short_name": "Londrina",
    "state": "",
    "city": "",
    "founded_year": null,
    "badge_url": "",
    "status": "active",
    "notes": "Aliases consolidados: Londrina Esporte Clube"
  }
},
{
  "model": "clubs.club",
  "pk": 66,
  "fields": {
    "created_at": "2026-04-12T23:05:01.828Z",
    "updated_at": "2026-04-12T23:44:22.765Z",
    "slug": "athletic-2",
    "country": 1,
    "division": 2,
    "official_name": "Athletic",
    "short_name": "Athletic",
    "state": "",
    "city": "",
    "founded_year": null,
    "badge_url": "",
    "status": "active",
    "notes": "Aliases consolidados: Athletic Club"
  }
},
{
  "model": "clubs.club",
  "pk": 67,
  "fields": {
    "created_at": "2026-04-12T23:05:01.840Z",
    "updated_at": "2026-04-12T23:44:22.766Z",
    "slug": "criciuma-2",
    "country": 1,
    "division": 2,
    "official_name": "Criciuma",
    "short_name": "Criciuma",
    "state": "",
    "city": "",
    "founded_year": null,
    "badge_url": "",
    "status": "active",
    "notes": "Aliases consolidados: Criciuma Esporte Clube"
  }
},
{
  "model": "clubs.club",
  "pk": 68,
  "fields": {
    "created_at": "2026-04-12T23:05:01.850Z",
    "updated_at": "2026-04-12T23:44:22.766Z",
    "slug": "nautico-2",
    "country": 1,
    "division": 2,
    "official_name": "Náutico",
    "short_name": "Náutico",
    "state": "",
    "city": "",
    "founded_year": null,
    "badge_url": "",
    "status": "active",
    "notes": "Aliases consolidados: Clube Nautico Capibaribe, Nautico"
  }
},
{
  "model": "clubs.club",
  "pk": 69,
  "fields": {
    "created_at": "2026-04-12T23:05:01.865Z",
    "updated_at": "2026-04-12T23:44:22.767Z",
    "slug": "vila-nova-2",
    "country": 1,
    "division": 2,
    "official_name": "Vila Nova",
    "short_name": "Vila Nova",
    "state": "",
    "city": "",
    "founded_year": null,
    "badge_url": "",
    "status": "active",
    "notes": "Aliases consolidados: Vila Nova Futebol Clube"
  }
},
{
  "model": "clubs.club",
  "pk": 70,
  "fields": {
    "created_at": "2026-04-12T23:05:01.877Z",
    "updated_at": "2026-04-12T23:44:22.767Z",
    "slug": "ceara-2",
    "country": 1,
    "division": 2,
    "official_name": "Ceará",
    "short_name": "Ceará",
    "state": "",
    "city": "",
    "founded_year": null,
    "badge_url": "",
    "status": "active",
    "notes": "Aliases consolidados: Ceara, Ceara Sporting Club"
  }
},
{
  "model": "clubs.club",
  "pk": 71,
  "fields": {
    "created_at": "2026-04-12T23:05:01.888Z",
    "updated_at": "2026-04-12T23:44:22.768Z",
    "slug": "sport-recife",
    "country": 1,
    "division": 2,
    "official_name": "Sport Recife",
    "short_name": "Sport Recife",
    "state": "",
    "city": "",
    "founded_year": null,
    "badge_url": "",
    "status": "active",
    "notes": ""
  }
},
{
  "model": "clubs.club",
  "pk": 72,
  "fields": {
    "created_at": "2026-04-12T23:05:01.898Z",
    "updated_at": "2026-04-12T23:44:22.770Z",
    "slug": "cuiaba-2",
    "country": 1,
    "division": 2,
    "official_name": "Cuiabá",
    "short_name": "Cuiabá",
    "state": "",
    "city": "",
    "founded_year": null,
    "badge_url": "",
    "status": "active",
    "notes": "Aliases consolidados: Cuiaba, Cuiaba Esporte Clube"
  }
},
{
  "model": "clubs.club",
  "pk": 73,
  "fields": {
    "created_at": "2026-04-12T23:05:01.914Z",
    "updated_at": "2026-04-12T23:44:22.771Z",
    "slug": "sao-bernardo-2",
    "country": 1,
    "division": 2,
    "official_name": "São Bernardo",
    "short_name": "São Bernardo",
    "state": "",
    "city": "",
    "founded_year": null,
    "badge_url": "",
    "status": "active",
    "notes": "Aliases consolidados: Sao Bernardo, Sao Bernardo Futebol Clube"
  }
},
{
  "model": "clubs.club",
  "pk": 74,
  "fields": {
    "created_at": "2026-04-12T23:05:01.926Z",
    "updated_at": "2026-04-12T23:44:22.771Z",
    "slug": "crb-2",
    "country": 1,
    "division": 2,
    "official_name": "CRB",
    "short_name": "CRB",
    "state": "",
    "city": "",
    "founded_year": null,
    "badge_url": "",
    "status": "active",
    "notes": "Aliases consolidados: Clube de Regatas Brasil"
  }
},
{
  "model": "clubs.club",
  "pk": 75,
  "fields": {
    "created_at": "2026-04-12T23:05:01.938Z",
    "updated_at": "2026-04-12T23:44:22.772Z",
    "slug": "ponte-preta-2",
    "country": 1,
    "division": 2,
    "official_name": "Ponte Preta",
    "short_name": "Ponte Preta",
    "state": "",
    "city": "",
    "founded_year": null,
    "badge_url": "",
    "status": "active",
    "notes": "Aliases consolidados: Associacao Atletica Ponte Preta"
  }
},
{
  "model": "clubs.club",
  "pk": 76,
  "fields": {
    "created_at": "2026-04-12T23:05:01.949Z",
    "updated_at": "2026-04-12T23:44:22.772Z",
    "slug": "novo-horizontino",
    "country": 1,
    "division": 2,
    "official_name": "Novo Horizontino",
    "short_name": "Novo Horizontino",
    "state": "",
    "city": "",
    "founded_year": null,
    "badge_url": "",
    "status": "active",
    "notes": ""
  }
},
{
  "model": "clubs.club",
  "pk": 77,
  "fields": {
    "created_at": "2026-04-12T23:05:01.961Z",
    "updated_at": "2026-04-12T23:44:22.773Z",
    "slug": "juventude-2",
    "country": 1,
    "division": 2,
    "official_name": "Juventude",
    "short_name": "Juventude",
    "state": "",
    "city": "",
    "founded_year": null,
    "badge_url": "",
    "status": "active",
    "notes": "Aliases consolidados: Esporte Clube Juventude"
  }
},
{
  "model": "clubs.club",
  "pk": 78,
  "fields": {
    "created_at": "2026-04-12T23:05:01.972Z",
    "updated_at": "2026-04-12T23:44:22.773Z",
    "slug": "fortaleza-2",
    "country": 1,
    "division": 2,
    "official_name": "Fortaleza",
    "short_name": "Fortaleza",
    "state": "",
    "city": "",
    "founded_year": null,
    "badge_url": "",
    "status": "active",
    "notes": "Aliases consolidados: Fortaleza Esporte Clube"
  }
},
{
  "model": "clubs.club",
  "pk": 79,
  "fields": {
    "created_at": "2026-04-12T23:05:01.982Z",
    "updated_at": "2026-04-12T23:44:22.774Z",
    "slug": "atletico-go-2",
    "country": 1,
    "division": 2,
    "official_name": "Atlético Go",
    "short_name": "Atlético Go",
    "state": "",
    "city": "",
    "founded_year": null,
    "badge_url": "",
    "status": "active",
    "notes": ""
  }
},
{
  "model": "clubs.club",
  "pk": 80,
  "fields": {
    "created_at": "2026-04-12T23:05:01.995Z",
    "updated_at": "2026-04-12T23:44:22.774Z",
    "slug": "america-mg-2",
    "country": 1,
    "division": 2,
    "official_name": "América Mg",
    "short_name": "América Mg",
    "state": "",
    "city": "",
    "founded_year": null,
    "badge_url": "",
    "status": "active",
    "notes": ""
  }
},
{
  "model": "clubs.club",
  "pk": 81,
  "fields": {
    "created_at": "2026-04-12T23:05:02.006Z",
    "updated_at": "2026-04-12T23:44:22.779Z",
    "slug": "inter-limeira",
    "country": 1,
    "division": 3,
    "official_name": "Inter Limeira",
    "short_name": "Inter Limeira",
    "state": "",
    "city": "",
    "founded_year": null,
    "badge_url": "",
    "status": "active",
    "notes": ""
  }
},
{
  "model": "clubs.club",
  "pk": 82,
  "fields": {
    "created_at": "2026-04-12T23:05:02.017Z",
    "updated_at": "2026-04-12T23:44:22.779Z",
    "slug": "confianca",
    "country": 1,
    "division": 3,
    "official_name": "Confiança",
    "short_name": "Confiança",
    "state": "",
    "city": "",
    "founded_year": null,
    "badge_url": "",
    "status": "active",
    "notes": ""
  }
},
{
  "model": "clubs.club",
  "pk": 83,
  "fields": {
    "created_at": "2026-04-12T23:05:02.027Z",
    "updated_at": "2026-04-12T23:44:22.779Z",
    "slug": "amazonas",
    "country": 1,
    "division": 3,
    "official_name": "Amazonas",
    "short_name": "Amazonas",
    "state": "",
    "city": "",
    "founded_year": null,
    "badge_url": "",
    "status": "active",
    "notes": ""
  }
},
{
  "model": "clubs.club",
  "pk": 84,
  "fields": {
    "created_at": "2026-04-12T23:05:02.040Z",
    "updated_at": "2026-04-12T23:44:22.780Z",
    "slug": "anapolis",
    "country": 1,
    "division": 3,
    "official_name": "Anápolis",
    "short_name": "Anápolis",
    "state": "",
    "city": "",
    "founded_year": null,
    "badge_url": "",
    "status": "active",
    "notes": ""
  }
},
{
  "model": "clubs.club",
  "pk": 85,
  "fields": {
    "created_at": "2026-04-12T23:05:02.052Z",
    "updated_at": "2026-04-12T23:44:22.781Z",
    "slug": "itabaiana",
    "country": 1,
    "division": 3,
    "official_name": "Itabaiana",
    "short_name": "Itabaiana",
    "state": "",
    "city": "",
    "founded_year": null,
    "badge_url": "",
    "status": "active",
    "notes": ""
  }
},
{
  "model": "clubs.club",
  "pk": 86,
  "fields": {
    "created_at": "2026-04-12T23:05:02.064Z",
    "updated_at": "2026-04-12T23:44:22.782Z",
    "slug": "barra",
    "country": 1,
    "division": 3,
    "official_name": "Barra",
    "short_name": "Barra",
    "state": "",
    "city": "",
    "founded_year": null,
    "badge_url": "",
    "status": "active",
    "notes": ""
  }
},
{
  "model": "clubs.club",
  "pk": 87,
  "fields": {
    "created_at": "2026-04-12T23:05:02.075Z",
    "updated_at": "2026-04-12T23:44:22.783Z",
    "slug": "botafogo-pb",
    "country": 1,
    "division": 3,
    "official_name": "Botafogo- PB",
    "short_name": "Botafogo- PB",
    "state": "",
    "city": "",
    "founded_year": null,
    "badge_url": "",
    "status": "active",
    "notes": ""
  }
},
{
  "model": "clubs.club",
  "pk": 88,
  "fields": {
    "created_at": "2026-04-12T23:05:02.085Z",
    "updated_at": "2026-04-12T23:44:22.784Z",
    "slug": "brusque",
    "country": 1,
    "division": 3,
    "official_name": "Brusque",
    "short_name": "Brusque",
    "state": "",
    "city": "",
    "founded_year": null,
    "badge_url": "",
    "status": "active",
    "notes": ""
  }
},
{
  "model": "clubs.club",
  "pk": 89,
  "fields": {
    "created_at": "2026-04-12T23:05:02.097Z",
    "updated_at": "2026-04-12T23:44:22.784Z",
    "slug": "ferroviaria",
    "country": 1,
    "division": 3,
    "official_name": "Ferroviária",
    "short_name": "Ferroviária",
    "state": "",
    "city": "",
    "founded_year": null,
    "badge_url": "",
    "status": "active",
    "notes": ""
  }
},
{
  "model": "clubs.club",
  "pk": 90,
  "fields": {
    "created_at": "2026-04-12T23:05:02.110Z",
    "updated_at": "2026-04-12T23:44:22.786Z",
    "slug": "figueirense",
    "country": 1,
    "division": 3,
    "official_name": "Figueirense",
    "short_name": "Figueirense",
    "state": "",
    "city": "",
    "founded_year": null,
    "badge_url": "",
    "status": "active",
    "notes": ""
  }
},
{
  "model": "clubs.club",
  "pk": 91,
  "fields": {
    "created_at": "2026-04-12T23:05:02.120Z",
    "updated_at": "2026-04-12T23:44:22.787Z",
    "slug": "floresta",
    "country": 1,
    "division": 3,
    "official_name": "Floresta",
    "short_name": "Floresta",
    "state": "",
    "city": "",
    "founded_year": null,
    "badge_url": "",
    "status": "active",
    "notes": ""
  }
},
{
  "model": "clubs.club",
  "pk": 92,
  "fields": {
    "created_at": "2026-04-12T23:05:02.133Z",
    "updated_at": "2026-04-12T23:44:22.787Z",
    "slug": "guarani",
    "country": 1,
    "division": 3,
    "official_name": "Guarani",
    "short_name": "Guarani",
    "state": "",
    "city": "",
    "founded_year": null,
    "badge_url": "",
    "status": "active",
    "notes": ""
  }
},
{
  "model": "clubs.club",
  "pk": 93,
  "fields": {
    "created_at": "2026-04-12T23:05:02.145Z",
    "updated_at": "2026-04-12T23:44:22.788Z",
    "slug": "ituano",
    "country": 1,
    "division": 3,
    "official_name": "Ituano",
    "short_name": "Ituano",
    "state": "",
    "city": "",
    "founded_year": null,
    "badge_url": "",
    "status": "active",
    "notes": ""
  }
},
{
  "model": "clubs.club",
  "pk": 94,
  "fields": {
    "created_at": "2026-04-12T23:05:02.157Z",
    "updated_at": "2026-04-12T23:44:22.788Z",
    "slug": "maranhao",
    "country": 1,
    "division": 3,
    "official_name": "Maranhão",
    "short_name": "Maranhão",
    "state": "",
    "city": "",
    "founded_year": null,
    "badge_url": "",
    "status": "active",
    "notes": ""
  }
},
{
  "model": "clubs.club",
  "pk": 95,
  "fields": {
    "created_at": "2026-04-12T23:05:02.166Z",
    "updated_at": "2026-04-12T23:44:22.788Z",
    "slug": "maringa",
    "country": 1,
    "division": 3,
    "official_name": "Maringá",
    "short_name": "Maringá",
    "state": "",
    "city": "",
    "founded_year": null,
    "badge_url": "",
    "status": "active",
    "notes": ""
  }
},
{
  "model": "clubs.club",
  "pk": 96,
  "fields": {
    "created_at": "2026-04-12T23:05:02.178Z",
    "updated_at": "2026-04-12T23:44:22.789Z",
    "slug": "paysandu",
    "country": 1,
    "division": 3,
    "official_name": "Paysandu",
    "short_name": "Paysandu",
    "state": "",
    "city": "",
    "founded_year": null,
    "badge_url": "",
    "status": "active",
    "notes": ""
  }
},
{
  "model": "clubs.club",
  "pk": 97,
  "fields": {
    "created_at": "2026-04-12T23:05:02.189Z",
    "updated_at": "2026-04-12T23:44:22.789Z",
    "slug": "santa-cruz",
    "country": 1,
    "division": 3,
    "official_name": "Santa Cruz",
    "short_name": "Santa Cruz",
    "state": "",
    "city": "",
    "founded_year": null,
    "badge_url": "",
    "status": "active",
    "notes": ""
  }
},
{
  "model": "clubs.club",
  "pk": 98,
  "fields": {
    "created_at": "2026-04-12T23:05:02.200Z",
    "updated_at": "2026-04-12T23:44:22.790Z",
    "slug": "caxias",
    "country": 1,
    "division": 3,
    "official_name": "Caxias",
    "short_name": "Caxias",
    "state": "",
    "city": "",
    "founded_year": null,
    "badge_url": "",
    "status": "active",
    "notes": ""
  }
},
{
  "model": "clubs.club",
  "pk": 99,
  "fields": {
    "created_at": "2026-04-12T23:05:02.211Z",
    "updated_at": "2026-04-12T23:44:22.791Z",
    "slug": "volta-redonda",
    "country": 1,
    "division": 3,
    "official_name": "Volta Redonda",
    "short_name": "Volta Redonda",
    "state": "",
    "city": "",
    "founded_year": null,
    "badge_url": "",
    "status": "active",
    "notes": ""
  }
},
{
  "model": "clubs.club",
  "pk": 100,
  "fields": {
    "created_at": "2026-04-12T23:05:02.225Z",
    "updated_at": "2026-04-12T23:44:22.792Z",
    "slug": "ypiranga",
    "country": 1,
    "division": 3,
    "official_name": "Ypiranga",
    "short_name": "Ypiranga",
    "state": "",
    "city": "",
    "founded_year": null,
    "badge_url": "",
    "status": "active",
    "notes": ""
  }
},
{
  "model": "clubs.club",
  "pk": 101,
  "fields": {
    "created_at": "2026-04-12T23:39:54.913Z",
    "updated_at": "2026-04-12T23:44:22.800Z",
    "slug": "manaura",
    "country": 1,
    "division": 4,
    "official_name": "Manaura",
    "short_name": "Manaura",
    "state": "",
    "city": "",
    "founded_year": null,
    "badge_url": "",
    "status": "active",
    "notes": ""
  }
},
{
  "model": "clubs.club",
  "pk": 102,
  "fields": {
    "created_at": "2026-04-12T23:39:54.916Z",
    "updated_at": "2026-04-12T23:44:22.801Z",
    "slug": "manaus",
    "country": 1,
    "division": 4,
    "official_name": "Manaus",
    "short_name": "Manaus",
    "state": "",
    "city": "",
    "founded_year": null,
    "badge_url": "",
    "status": "active",
    "notes": ""
  }
},
{
  "model": "clubs.club",
  "pk": 103,
  "fields": {
    "created_at": "2026-04-12T23:39:54.917Z",
    "updated_at": "2026-04-12T23:44:22.802Z",
    "slug": "monte-roraima",
    "country": 1,
    "division": 4,
    "official_name": "Monte Roraima",
    "short_name": "Monte Roraima",
    "state": "",
    "city": "",
    "founded_year": null,
    "badge_url": "",
    "status": "active",
    "notes": ""
  }
},
{
  "model": "clubs.club",
  "pk": 104,
  "fields": {
    "created_at": "2026-04-12T23:39:54.918Z",
    "updated_at": "2026-04-12T23:44:22.804Z",
    "slug": "nacional",
    "country": 1,
    "division": 4,
    "official_name": "Nacional",
    "short_name": "Nacional",
    "state": "",
    "city": "",
    "founded_year": null,
    "badge_url": "",
    "status": "active",
    "notes": ""
  }
},
{
  "model": "clubs.club",
  "pk": 105,
  "fields": {
    "created_at": "2026-04-12T23:39:54.919Z",
    "updated_at": "2026-04-12T23:44:22.804Z",
    "slug": "sampaio",
    "country": 1,
    "division": 4,
    "official_name": "Sampaio",
    "short_name": "Sampaio",
    "state": "",
    "city": "",
    "founded_year": null,
    "badge_url": "",
    "status": "active",
    "notes": ""
  }
},
{
  "model": "clubs.club",
  "pk": 106,
  "fields": {
    "created_at": "2026-04-12T23:39:54.921Z",
    "updated_at": "2026-04-12T23:44:22.805Z",
    "slug": "sao-raimundo",
    "country": 1,
    "division": 4,
    "official_name": "São Raimundo",
    "short_name": "São Raimundo",
    "state": "",
    "city": "",
    "founded_year": null,
    "badge_url": "",
    "status": "active",
    "notes": ""
  }
},
{
  "model": "clubs.club",
  "pk": 107,
  "fields": {
    "created_at": "2026-04-12T23:39:54.922Z",
    "updated_at": "2026-04-12T23:44:22.805Z",
    "slug": "araguaiana",
    "country": 1,
    "division": 4,
    "official_name": "Araguaiana",
    "short_name": "Araguaiana",
    "state": "",
    "city": "",
    "founded_year": null,
    "badge_url": "",
    "status": "active",
    "notes": ""
  }
},
{
  "model": "clubs.club",
  "pk": 108,
  "fields": {
    "created_at": "2026-04-12T23:39:54.924Z",
    "updated_at": "2026-04-12T23:44:22.806Z",
    "slug": "galvez",
    "country": 1,
    "division": 4,
    "official_name": "Galvez",
    "short_name": "Galvez",
    "state": "",
    "city": "",
    "founded_year": null,
    "badge_url": "",
    "status": "active",
    "notes": ""
  }
},
{
  "model": "clubs.club",
  "pk": 109,
  "fields": {
    "created_at": "2026-04-12T23:39:54.926Z",
    "updated_at": "2026-04-12T23:44:22.806Z",
    "slug": "gazin-porto-velho",
    "country": 1,
    "division": 4,
    "official_name": "Gazin Porto Velho",
    "short_name": "Gazin Porto Velho",
    "state": "",
    "city": "",
    "founded_year": null,
    "badge_url": "",
    "status": "active",
    "notes": ""
  }
},
{
  "model": "clubs.club",
  "pk": 110,
  "fields": {
    "created_at": "2026-04-12T23:39:54.930Z",
    "updated_at": "2026-04-12T23:44:22.807Z",
    "slug": "guapore",
    "country": 1,
    "division": 4,
    "official_name": "Guaporé",
    "short_name": "Guaporé",
    "state": "",
    "city": "",
    "founded_year": null,
    "badge_url": "",
    "status": "active",
    "notes": ""
  }
},
{
  "model": "clubs.club",
  "pk": 111,
  "fields": {
    "created_at": "2026-04-12T23:39:54.931Z",
    "updated_at": "2026-04-12T23:44:22.807Z",
    "slug": "humaita",
    "country": 1,
    "division": 4,
    "official_name": "Humaitá",
    "short_name": "Humaitá",
    "state": "",
    "city": "",
    "founded_year": null,
    "badge_url": "",
    "status": "active",
    "notes": ""
  }
},
{
  "model": "clubs.club",
  "pk": 112,
  "fields": {
    "created_at": "2026-04-12T23:39:54.932Z",
    "updated_at": "2026-04-12T23:44:22.808Z",
    "slug": "independencia",
    "country": 1,
    "division": 4,
    "official_name": "Independência",
    "short_name": "Independência",
    "state": "",
    "city": "",
    "founded_year": null,
    "badge_url": "",
    "status": "active",
    "notes": ""
  }
},
{
  "model": "clubs.club",
  "pk": 113,
  "fields": {
    "created_at": "2026-04-12T23:39:54.933Z",
    "updated_at": "2026-04-12T23:44:22.808Z",
    "slug": "aparacidense",
    "country": 1,
    "division": 4,
    "official_name": "Aparacidense",
    "short_name": "Aparacidense",
    "state": "",
    "city": "",
    "founded_year": null,
    "badge_url": "",
    "status": "active",
    "notes": ""
  }
},
{
  "model": "clubs.club",
  "pk": 114,
  "fields": {
    "created_at": "2026-04-12T23:39:54.934Z",
    "updated_at": "2026-04-12T23:44:22.809Z",
    "slug": "brasiliense",
    "country": 1,
    "division": 4,
    "official_name": "Brasiliense",
    "short_name": "Brasiliense",
    "state": "",
    "city": "",
    "founded_year": null,
    "badge_url": "",
    "status": "active",
    "notes": ""
  }
},
{
  "model": "clubs.club",
  "pk": 115,
  "fields": {
    "created_at": "2026-04-12T23:39:54.936Z",
    "updated_at": "2026-04-12T23:44:22.809Z",
    "slug": "gama",
    "country": 1,
    "division": 4,
    "official_name": "Gama",
    "short_name": "Gama",
    "state": "",
    "city": "",
    "founded_year": null,
    "badge_url": "",
    "status": "active",
    "notes": ""
  }
},
{
  "model": "clubs.club",
  "pk": 116,
  "fields": {
    "created_at": "2026-04-12T23:39:54.938Z",
    "updated_at": "2026-04-12T23:44:22.810Z",
    "slug": "inhumas-ec",
    "country": 1,
    "division": 4,
    "official_name": "Inhumas EC",
    "short_name": "Inhumas EC",
    "state": "",
    "city": "",
    "founded_year": null,
    "badge_url": "",
    "status": "active",
    "notes": ""
  }
},
{
  "model": "clubs.club",
  "pk": 117,
  "fields": {
    "created_at": "2026-04-12T23:39:54.939Z",
    "updated_at": "2026-04-12T23:44:22.810Z",
    "slug": "luverdense",
    "country": 1,
    "division": 4,
    "official_name": "Luverdense",
    "short_name": "Luverdense",
    "state": "",
    "city": "",
    "founded_year": null,
    "badge_url": "",
    "status": "active",
    "notes": ""
  }
},
{
  "model": "clubs.club",
  "pk": 118,
  "fields": {
    "created_at": "2026-04-12T23:39:54.941Z",
    "updated_at": "2026-04-12T23:44:22.811Z",
    "slug": "primavera-atl-clube",
    "country": 1,
    "division": 4,
    "official_name": "Primavera Atl. Clube",
    "short_name": "Primavera Atl. Clube",
    "state": "",
    "city": "",
    "founded_year": null,
    "badge_url": "",
    "status": "active",
    "notes": ""
  }
},
{
  "model": "clubs.club",
  "pk": 119,
  "fields": {
    "created_at": "2026-04-12T23:39:54.943Z",
    "updated_at": "2026-04-12T23:44:22.811Z",
    "slug": "capital",
    "country": 1,
    "division": 4,
    "official_name": "Capital",
    "short_name": "Capital",
    "state": "",
    "city": "",
    "founded_year": null,
    "badge_url": "",
    "status": "active",
    "notes": ""
  }
},
{
  "model": "clubs.club",
  "pk": 120,
  "fields": {
    "created_at": "2026-04-12T23:39:54.946Z",
    "updated_at": "2026-04-12T23:44:22.812Z",
    "slug": "ceilandia-saf",
    "country": 1,
    "division": 4,
    "official_name": "Ceilândia SAF",
    "short_name": "Ceilândia SAF",
    "state": "",
    "city": "",
    "founded_year": null,
    "badge_url": "",
    "status": "active",
    "notes": ""
  }
},
{
  "model": "clubs.club",
  "pk": 121,
  "fields": {
    "created_at": "2026-04-12T23:39:54.947Z",
    "updated_at": "2026-04-12T23:44:22.812Z",
    "slug": "goiatuba",
    "country": 1,
    "division": 4,
    "official_name": "Goiatuba",
    "short_name": "Goiatuba",
    "state": "",
    "city": "",
    "founded_year": null,
    "badge_url": "",
    "status": "active",
    "notes": ""
  }
},
{
  "model": "clubs.club",
  "pk": 122,
  "fields": {
    "created_at": "2026-04-12T23:39:54.948Z",
    "updated_at": "2026-04-12T23:44:22.812Z",
    "slug": "mixto",
    "country": 1,
    "division": 4,
    "official_name": "Mixto",
    "short_name": "Mixto",
    "state": "",
    "city": "",
    "founded_year": null,
    "badge_url": "",
    "status": "active",
    "notes": ""
  }
},
{
  "model": "clubs.club",
  "pk": 123,
  "fields": {
    "created_at": "2026-04-12T23:39:54.949Z",
    "updated_at": "2026-04-12T23:44:22.813Z",
    "slug": "operario-mt",
    "country": 1,
    "division": 4,
    "official_name": "Operário MT",
    "short_name": "Operário MT",
    "state": "",
    "city": "",
    "founded_year": null,
    "badge_url": "",
    "status": "active",
    "notes": ""
  }
},
{
  "model": "clubs.club",
  "pk": 124,
  "fields": {
    "created_at": "2026-04-12T23:39:54.949Z",
    "updated_at": "2026-04-12T23:44:22.814Z",
    "slug": "uniao",
    "country": 1,
    "division": 4,
    "official_name": "União",
    "short_name": "União",
    "state": "",
    "city": "",
    "founded_year": null,
    "badge_url": "",
    "status": "active",
    "notes": ""
  }
},
{
  "model": "clubs.club",
  "pk": 125,
  "fields": {
    "created_at": "2026-04-12T23:39:54.950Z",
    "updated_at": "2026-04-12T23:44:22.815Z",
    "slug": "aguia-de-maraba",
    "country": 1,
    "division": 4,
    "official_name": "Aguia de Marabá",
    "short_name": "Aguia de Marabá",
    "state": "",
    "city": "",
    "founded_year": null,
    "badge_url": "",
    "status": "active",
    "notes": ""
  }
},
{
  "model": "clubs.club",
  "pk": 126,
  "fields": {
    "created_at": "2026-04-12T23:39:54.951Z",
    "updated_at": "2026-04-12T23:44:22.816Z",
    "slug": "imperatriz",
    "country": 1,
    "division": 4,
    "official_name": "Imperatriz",
    "short_name": "Imperatriz",
    "state": "",
    "city": "",
    "founded_year": null,
    "badge_url": "",
    "status": "active",
    "notes": ""
  }
},
{
  "model": "clubs.club",
  "pk": 127,
  "fields": {
    "created_at": "2026-04-12T23:39:54.952Z",
    "updated_at": "2026-04-12T23:44:22.817Z",
    "slug": "oratorio",
    "country": 1,
    "division": 4,
    "official_name": "Oratório",
    "short_name": "Oratório",
    "state": "",
    "city": "",
    "founded_year": null,
    "badge_url": "",
    "status": "active",
    "notes": ""
  }
},
{
  "model": "clubs.club",
  "pk": 128,
  "fields": {
    "created_at": "2026-04-12T23:39:54.953Z",
    "updated_at": "2026-04-12T23:44:22.818Z",
    "slug": "tocantinopolis",
    "country": 1,
    "division": 4,
    "official_name": "Tocantinópolis",
    "short_name": "Tocantinópolis",
    "state": "",
    "city": "",
    "founded_year": null,
    "badge_url": "",
    "status": "active",
    "notes": ""
  }
},
{
  "model": "clubs.club",
  "pk": 129,
  "fields": {
    "created_at": "2026-04-12T23:39:54.954Z",
    "updated_at": "2026-04-12T23:44:22.818Z",
    "slug": "trem",
    "country": 1,
    "division": 4,
    "official_name": "Trem",
    "short_name": "Trem",
    "state": "",
    "city": "",
    "founded_year": null,
    "badge_url": "",
    "status": "active",
    "notes": ""
  }
},
{
  "model": "clubs.club",
  "pk": 130,
  "fields": {
    "created_at": "2026-04-12T23:39:54.955Z",
    "updated_at": "2026-04-12T23:44:22.819Z",
    "slug": "tunaluso",
    "country": 1,
    "division": 4,
    "official_name": "Tunaluso",
    "short_name": "Tunaluso",
    "state": "",
    "city": "",
    "founded_year": null,
    "badge_url": "",
    "status": "active",
    "notes": ""
  }
},
{
  "model": "clubs.club",
  "pk": 131,
  "fields": {
    "created_at": "2026-04-12T23:39:54.956Z",
    "updated_at": "2026-04-12T23:44:22.819Z",
    "slug": "iape",
    "country": 1,
    "division": 4,
    "official_name": "Iape",
    "short_name": "Iape",
    "state": "",
    "city": "",
    "founded_year": null,
    "badge_url": "",
    "status": "active",
    "notes": ""
  }
},
{
  "model": "clubs.club",
  "pk": 132,
  "fields": {
    "created_at": "2026-04-12T23:39:54.957Z",
    "updated_at": "2026-04-12T23:44:22.819Z",
    "slug": "iguatu",
    "country": 1,
    "division": 4,
    "official_name": "Iguatu",
    "short_name": "Iguatu",
    "state": "",
    "city": "",
    "founded_year": null,
    "badge_url": "",
    "status": "active",
    "notes": ""
  }
},
{
  "model": "clubs.club",
  "pk": 133,
  "fields": {
    "created_at": "2026-04-12T23:39:54.957Z",
    "updated_at": "2026-04-12T23:44:22.820Z",
    "slug": "maracana",
    "country": 1,
    "division": 4,
    "official_name": "Maracanã",
    "short_name": "Maracanã",
    "state": "",
    "city": "",
    "founded_year": null,
    "badge_url": "",
    "status": "active",
    "notes": ""
  }
},
{
  "model": "clubs.club",
  "pk": 134,
  "fields": {
    "created_at": "2026-04-12T23:39:54.959Z",
    "updated_at": "2026-04-12T23:44:22.820Z",
    "slug": "moto-clube",
    "country": 1,
    "division": 4,
    "official_name": "Moto Clube",
    "short_name": "Moto Clube",
    "state": "",
    "city": "",
    "founded_year": null,
    "badge_url": "",
    "status": "active",
    "notes": ""
  }
},
{
  "model": "clubs.club",
  "pk": 135,
  "fields": {
    "created_at": "2026-04-12T23:39:54.961Z",
    "updated_at": "2026-04-12T23:44:22.821Z",
    "slug": "parnahyba",
    "country": 1,
    "division": 4,
    "official_name": "Parnahyba",
    "short_name": "Parnahyba",
    "state": "",
    "city": "",
    "founded_year": null,
    "badge_url": "",
    "status": "active",
    "notes": ""
  }
},
{
  "model": "clubs.club",
  "pk": 136,
  "fields": {
    "created_at": "2026-04-12T23:39:54.962Z",
    "updated_at": "2026-04-12T23:44:22.821Z",
    "slug": "sampaio-correa",
    "country": 1,
    "division": 4,
    "official_name": "Sampaio Corrêa",
    "short_name": "Sampaio Corrêa",
    "state": "",
    "city": "",
    "founded_year": null,
    "badge_url": "",
    "status": "active",
    "notes": ""
  }
},
{
  "model": "clubs.club",
  "pk": 137,
  "fields": {
    "created_at": "2026-04-12T23:39:54.963Z",
    "updated_at": "2026-04-12T23:44:22.821Z",
    "slug": "altos",
    "country": 1,
    "division": 4,
    "official_name": "Altos",
    "short_name": "Altos",
    "state": "",
    "city": "",
    "founded_year": null,
    "badge_url": "",
    "status": "active",
    "notes": ""
  }
},
{
  "model": "clubs.club",
  "pk": 138,
  "fields": {
    "created_at": "2026-04-12T23:39:54.964Z",
    "updated_at": "2026-04-12T23:44:22.822Z",
    "slug": "fc-atletico-cearense",
    "country": 1,
    "division": 4,
    "official_name": "FC Atletico Cearense",
    "short_name": "FC Atletico Cearense",
    "state": "",
    "city": "",
    "founded_year": null,
    "badge_url": "",
    "status": "active",
    "notes": ""
  }
},
{
  "model": "clubs.club",
  "pk": 139,
  "fields": {
    "created_at": "2026-04-12T23:39:54.966Z",
    "updated_at": "2026-04-12T23:44:22.822Z",
    "slug": "ferroviario",
    "country": 1,
    "division": 4,
    "official_name": "Ferroviário",
    "short_name": "Ferroviário",
    "state": "",
    "city": "",
    "founded_year": null,
    "badge_url": "",
    "status": "active",
    "notes": ""
  }
},
{
  "model": "clubs.club",
  "pk": 140,
  "fields": {
    "created_at": "2026-04-12T23:39:54.969Z",
    "updated_at": "2026-04-12T23:44:22.823Z",
    "slug": "fluminense",
    "country": 1,
    "division": 4,
    "official_name": "Fluminense",
    "short_name": "Fluminense",
    "state": "",
    "city": "",
    "founded_year": null,
    "badge_url": "",
    "status": "active",
    "notes": ""
  }
},
{
  "model": "clubs.club",
  "pk": 141,
  "fields": {
    "created_at": "2026-04-12T23:39:54.971Z",
    "updated_at": "2026-04-12T23:44:22.824Z",
    "slug": "piaui",
    "country": 1,
    "division": 4,
    "official_name": "Piauí",
    "short_name": "Piauí",
    "state": "",
    "city": "",
    "founded_year": null,
    "badge_url": "",
    "status": "active",
    "notes": ""
  }
},
{
  "model": "clubs.club",
  "pk": 142,
  "fields": {
    "created_at": "2026-04-12T23:39:54.973Z",
    "updated_at": "2026-04-12T23:44:22.824Z",
    "slug": "tirol",
    "country": 1,
    "division": 4,
    "official_name": "Tirol",
    "short_name": "Tirol",
    "state": "",
    "city": "",
    "founded_year": null,
    "badge_url": "",
    "status": "active",
    "notes": ""
  }
},
{
  "model": "clubs.club",
  "pk": 143,
  "fields": {
    "created_at": "2026-04-12T23:39:54.974Z",
    "updated_at": "2026-04-12T23:44:22.825Z",
    "slug": "abc",
    "country": 1,
    "division": 4,
    "official_name": "ABC",
    "short_name": "ABC",
    "state": "",
    "city": "",
    "founded_year": null,
    "badge_url": "",
    "status": "active",
    "notes": ""
  }
},
{
  "model": "clubs.club",
  "pk": 144,
  "fields": {
    "created_at": "2026-04-12T23:39:54.978Z",
    "updated_at": "2026-04-12T23:44:22.826Z",
    "slug": "america-fc-saf",
    "country": 1,
    "division": 4,
    "official_name": "América FC SAF",
    "short_name": "América FC SAF",
    "state": "",
    "city": "",
    "founded_year": null,
    "badge_url": "",
    "status": "active",
    "notes": ""
  }
},
{
  "model": "clubs.club",
  "pk": 145,
  "fields": {
    "created_at": "2026-04-12T23:39:54.981Z",
    "updated_at": "2026-04-12T23:44:22.827Z",
    "slug": "central-de-caruaru",
    "country": 1,
    "division": 4,
    "official_name": "Central de Caruarú",
    "short_name": "Central de Caruarú",
    "state": "",
    "city": "",
    "founded_year": null,
    "badge_url": "",
    "status": "active",
    "notes": ""
  }
},
{
  "model": "clubs.club",
  "pk": 146,
  "fields": {
    "created_at": "2026-04-12T23:39:54.985Z",
    "updated_at": "2026-04-12T23:44:22.827Z",
    "slug": "laguna",
    "country": 1,
    "division": 4,
    "official_name": "Laguna",
    "short_name": "Laguna",
    "state": "",
    "city": "",
    "founded_year": null,
    "badge_url": "",
    "status": "active",
    "notes": ""
  }
},
{
  "model": "clubs.club",
  "pk": 147,
  "fields": {
    "created_at": "2026-04-12T23:39:54.987Z",
    "updated_at": "2026-04-12T23:44:22.828Z",
    "slug": "maguary",
    "country": 1,
    "division": 4,
    "official_name": "Maguary",
    "short_name": "Maguary",
    "state": "",
    "city": "",
    "founded_year": null,
    "badge_url": "",
    "status": "active",
    "notes": ""
  }
},
{
  "model": "clubs.club",
  "pk": 148,
  "fields": {
    "created_at": "2026-04-12T23:39:54.990Z",
    "updated_at": "2026-04-12T23:44:22.829Z",
    "slug": "sousa",
    "country": 1,
    "division": 4,
    "official_name": "Sousa",
    "short_name": "Sousa",
    "state": "",
    "city": "",
    "founded_year": null,
    "badge_url": "",
    "status": "active",
    "notes": ""
  }
},
{
  "model": "clubs.club",
  "pk": 149,
  "fields": {
    "created_at": "2026-04-12T23:39:54.992Z",
    "updated_at": "2026-04-12T23:44:22.830Z",
    "slug": "decisao",
    "country": 1,
    "division": 4,
    "official_name": "Decisão",
    "short_name": "Decisão",
    "state": "",
    "city": "",
    "founded_year": null,
    "badge_url": "",
    "status": "active",
    "notes": ""
  }
},
{
  "model": "clubs.club",
  "pk": 150,
  "fields": {
    "created_at": "2026-04-12T23:39:54.995Z",
    "updated_at": "2026-04-12T23:44:22.832Z",
    "slug": "lagarto",
    "country": 1,
    "division": 4,
    "official_name": "Lagarto",
    "short_name": "Lagarto",
    "state": "",
    "city": "",
    "founded_year": null,
    "badge_url": "",
    "status": "active",
    "notes": ""
  }
},
{
  "model": "clubs.club",
  "pk": 151,
  "fields": {
    "created_at": "2026-04-12T23:39:54.997Z",
    "updated_at": "2026-04-12T23:44:22.833Z",
    "slug": "retro",
    "country": 1,
    "division": 4,
    "official_name": "Retrô",
    "short_name": "Retrô",
    "state": "",
    "city": "",
    "founded_year": null,
    "badge_url": "",
    "status": "active",
    "notes": ""
  }
},
{
  "model": "clubs.club",
  "pk": 152,
  "fields": {
    "created_at": "2026-04-12T23:39:54.999Z",
    "updated_at": "2026-04-12T23:44:22.835Z",
    "slug": "sergipe",
    "country": 1,
    "division": 4,
    "official_name": "Sergipe",
    "short_name": "Sergipe",
    "state": "",
    "city": "",
    "founded_year": null,
    "badge_url": "",
    "status": "active",
    "notes": ""
  }
},
{
  "model": "clubs.club",
  "pk": 153,
  "fields": {
    "created_at": "2026-04-12T23:39:55Z",
    "updated_at": "2026-04-12T23:44:22.835Z",
    "slug": "serra-branca-ec",
    "country": 1,
    "division": 4,
    "official_name": "Serra Branca EC",
    "short_name": "Serra Branca EC",
    "state": "",
    "city": "",
    "founded_year": null,
    "badge_url": "",
    "status": "active",
    "notes": ""
  }
},
{
  "model": "clubs.club",
  "pk": 154,
  "fields": {
    "created_at": "2026-04-12T23:39:55.001Z",
    "updated_at": "2026-04-12T23:44:22.836Z",
    "slug": "treze",
    "country": 1,
    "division": 4,
    "official_name": "Treze",
    "short_name": "Treze",
    "state": "",
    "city": "",
    "founded_year": null,
    "badge_url": "",
    "status": "active",
    "notes": ""
  }
},
{
  "model": "clubs.club",
  "pk": 155,
  "fields": {
    "created_at": "2026-04-12T23:39:55.003Z",
    "updated_at": "2026-04-12T23:44:22.836Z",
    "slug": "asa",
    "country": 1,
    "division": 4,
    "official_name": "Asa",
    "short_name": "Asa",
    "state": "",
    "city": "",
    "founded_year": null,
    "badge_url": "",
    "status": "active",
    "notes": ""
  }
},
{
  "model": "clubs.club",
  "pk": 156,
  "fields": {
    "created_at": "2026-04-12T23:39:55.004Z",
    "updated_at": "2026-04-12T23:44:22.837Z",
    "slug": "atletico-alagoinhas",
    "country": 1,
    "division": 4,
    "official_name": "Atlético Alagoinhas",
    "short_name": "Atlético Alagoinhas",
    "state": "",
    "city": "",
    "founded_year": null,
    "badge_url": "",
    "status": "active",
    "notes": ""
  }
},
{
  "model": "clubs.club",
  "pk": 157,
  "fields": {
    "created_at": "2026-04-12T23:39:55.006Z",
    "updated_at": "2026-04-12T23:44:22.837Z",
    "slug": "csa",
    "country": 1,
    "division": 4,
    "official_name": "CSA",
    "short_name": "CSA",
    "state": "",
    "city": "",
    "founded_year": null,
    "badge_url": "",
    "status": "active",
    "notes": ""
  }
},
{
  "model": "clubs.club",
  "pk": 158,
  "fields": {
    "created_at": "2026-04-12T23:39:55.007Z",
    "updated_at": "2026-04-12T23:44:22.838Z",
    "slug": "cse",
    "country": 1,
    "division": 4,
    "official_name": "CSE",
    "short_name": "CSE",
    "state": "",
    "city": "",
    "founded_year": null,
    "badge_url": "",
    "status": "active",
    "notes": ""
  }
},
{
  "model": "clubs.club",
  "pk": 159,
  "fields": {
    "created_at": "2026-04-12T23:39:55.010Z",
    "updated_at": "2026-04-12T23:44:22.838Z",
    "slug": "jacuipense",
    "country": 1,
    "division": 4,
    "official_name": "Jacuipense",
    "short_name": "Jacuipense",
    "state": "",
    "city": "",
    "founded_year": null,
    "badge_url": "",
    "status": "active",
    "notes": ""
  }
},
{
  "model": "clubs.club",
  "pk": 160,
  "fields": {
    "created_at": "2026-04-12T23:39:55.012Z",
    "updated_at": "2026-04-12T23:44:22.838Z",
    "slug": "juazeirense",
    "country": 1,
    "division": 4,
    "official_name": "Juazeirense",
    "short_name": "Juazeirense",
    "state": "",
    "city": "",
    "founded_year": null,
    "badge_url": "",
    "status": "active",
    "notes": ""
  }
},
{
  "model": "clubs.club",
  "pk": 164,
  "fields": {
    "created_at": "2026-04-12T23:39:55.023Z",
    "updated_at": "2026-04-12T23:44:22.841Z",
    "slug": "operario-ms",
    "country": 1,
    "division": 4,
    "official_name": "Operário MS",
    "short_name": "Operário MS",
    "state": "",
    "city": "",
    "founded_year": null,
    "badge_url": "",
    "status": "active",
    "notes": ""
  }
},
{
  "model": "clubs.club",
  "pk": 166,
  "fields": {
    "created_at": "2026-04-12T23:39:55.028Z",
    "updated_at": "2026-04-12T23:44:22.842Z",
    "slug": "fc-democrata",
    "country": 1,
    "division": 4,
    "official_name": "FC Democrata",
    "short_name": "FC Democrata",
    "state": "",
    "city": "",
    "founded_year": null,
    "badge_url": "",
    "status": "active",
    "notes": ""
  }
},
{
  "model": "clubs.club",
  "pk": 167,
  "fields": {
    "created_at": "2026-04-12T23:39:55.031Z",
    "updated_at": "2026-04-12T23:44:22.843Z",
    "slug": "porto-sc",
    "country": 1,
    "division": 4,
    "official_name": "Porto SC",
    "short_name": "Porto SC",
    "state": "",
    "city": "",
    "founded_year": null,
    "badge_url": "",
    "status": "active",
    "notes": ""
  }
},
{
  "model": "clubs.club",
  "pk": 168,
  "fields": {
    "created_at": "2026-04-12T23:39:55.032Z",
    "updated_at": "2026-04-12T23:44:22.843Z",
    "slug": "real-noroeste-capixaba",
    "country": 1,
    "division": 4,
    "official_name": "Real Noroeste Capixaba",
    "short_name": "Real Noroeste Capixaba",
    "state": "",
    "city": "",
    "founded_year": null,
    "badge_url": "",
    "status": "active",
    "notes": ""
  }
},
{
  "model": "clubs.club",
  "pk": 169,
  "fields": {
    "created_at": "2026-04-12T23:39:55.034Z",
    "updated_at": "2026-04-12T23:44:22.843Z",
    "slug": "rio-branco-ac",
    "country": 1,
    "division": 4,
    "official_name": "Rio Branco Ac",
    "short_name": "Rio Branco Ac",
    "state": "",
    "city": "",
    "founded_year": null,
    "badge_url": "",
    "status": "active",
    "notes": ""
  }
},
{
  "model": "clubs.club",
  "pk": 170,
  "fields": {
    "created_at": "2026-04-12T23:39:55.035Z",
    "updated_at": "2026-04-12T23:44:22.844Z",
    "slug": "tombense",
    "country": 1,
    "division": 4,
    "official_name": "Tombense",
    "short_name": "Tombense",
    "state": "",
    "city": "",
    "founded_year": null,
    "badge_url": "",
    "status": "active",
    "notes": ""
  }
},
{
  "model": "clubs.club",
  "pk": 171,
  "fields": {
    "created_at": "2026-04-12T23:39:55.036Z",
    "updated_at": "2026-04-12T23:44:22.845Z",
    "slug": "vitoria-fc",
    "country": 1,
    "division": 4,
    "official_name": "Vitória FC",
    "short_name": "Vitória FC",
    "state": "",
    "city": "",
    "founded_year": null,
    "badge_url": "",
    "status": "active",
    "notes": ""
  }
},
{
  "model": "clubs.club",
  "pk": 172,
  "fields": {
    "created_at": "2026-04-12T23:39:55.038Z",
    "updated_at": "2026-04-12T23:44:22.845Z",
    "slug": "agua-santa",
    "country": 1,
    "division": 4,
    "official_name": "Agua Santa",
    "short_name": "Agua Santa",
    "state": "",
    "city": "",
    "founded_year": null,
    "badge_url": "",
    "status": "active",
    "notes": ""
  }
},
{
  "model": "clubs.club",
  "pk": 173,
  "fields": {
    "created_at": "2026-04-12T23:39:55.040Z",
    "updated_at": "2026-04-12T23:44:22.846Z",
    "slug": "america",
    "country": 1,
    "division": 4,
    "official_name": "América",
    "short_name": "América",
    "state": "",
    "city": "",
    "founded_year": null,
    "badge_url": "",
    "status": "active",
    "notes": ""
  }
},
{
  "model": "clubs.club",
  "pk": 174,
  "fields": {
    "created_at": "2026-04-12T23:39:55.043Z",
    "updated_at": "2026-04-12T23:44:22.847Z",
    "slug": "madureira",
    "country": 1,
    "division": 4,
    "official_name": "Madureira",
    "short_name": "Madureira",
    "state": "",
    "city": "",
    "founded_year": null,
    "badge_url": "",
    "status": "active",
    "notes": ""
  }
},
{
  "model": "clubs.club",
  "pk": 175,
  "fields": {
    "created_at": "2026-04-12T23:39:55.046Z",
    "updated_at": "2026-04-12T23:44:22.848Z",
    "slug": "portuguesa",
    "country": 1,
    "division": 4,
    "official_name": "Portuguesa",
    "short_name": "Portuguesa",
    "state": "",
    "city": "",
    "founded_year": null,
    "badge_url": "",
    "status": "active",
    "notes": ""
  }
},
{
  "model": "clubs.club",
  "pk": 176,
  "fields": {
    "created_at": "2026-04-12T23:39:55.048Z",
    "updated_at": "2026-04-12T23:44:22.849Z",
    "slug": "portuguesa-saf",
    "country": 1,
    "division": 4,
    "official_name": "Portuguesa SAF",
    "short_name": "Portuguesa SAF",
    "state": "",
    "city": "",
    "founded_year": null,
    "badge_url": "",
    "status": "active",
    "notes": ""
  }
},
{
  "model": "clubs.club",
  "pk": 177,
  "fields": {
    "created_at": "2026-04-12T23:39:55.050Z",
    "updated_at": "2026-04-12T23:44:22.851Z",
    "slug": "pouso-alegre-saf",
    "country": 1,
    "division": 4,
    "official_name": "Pouso Alegre SAF",
    "short_name": "Pouso Alegre SAF",
    "state": "",
    "city": "",
    "founded_year": null,
    "badge_url": "",
    "status": "active",
    "notes": ""
  }
},
{
  "model": "clubs.club",
  "pk": 178,
  "fields": {
    "created_at": "2026-04-12T23:39:55.053Z",
    "updated_at": "2026-04-12T23:44:22.851Z",
    "slug": "marica",
    "country": 1,
    "division": 4,
    "official_name": "Marica",
    "short_name": "Marica",
    "state": "",
    "city": "",
    "founded_year": null,
    "badge_url": "",
    "status": "active",
    "notes": ""
  }
},
{
  "model": "clubs.club",
  "pk": 179,
  "fields": {
    "created_at": "2026-04-12T23:39:55.055Z",
    "updated_at": "2026-04-12T23:44:22.851Z",
    "slug": "noroeste",
    "country": 1,
    "division": 4,
    "official_name": "Noroeste",
    "short_name": "Noroeste",
    "state": "",
    "city": "",
    "founded_year": null,
    "badge_url": "",
    "status": "active",
    "notes": ""
  }
},
{
  "model": "clubs.club",
  "pk": 180,
  "fields": {
    "created_at": "2026-04-12T23:39:55.056Z",
    "updated_at": "2026-04-12T23:44:22.852Z",
    "slug": "nova-iguacu-saf",
    "country": 1,
    "division": 4,
    "official_name": "Nova Iguaçu SAF",
    "short_name": "Nova Iguaçu SAF",
    "state": "",
    "city": "",
    "founded_year": null,
    "badge_url": "",
    "status": "active",
    "notes": ""
  }
},
{
  "model": "clubs.club",
  "pk": 181,
  "fields": {
    "created_at": "2026-04-12T23:39:55.058Z",
    "updated_at": "2026-04-12T23:44:22.852Z",
    "slug": "sampaio-correa-2",
    "country": 1,
    "division": 4,
    "official_name": "Sampaio Correa",
    "short_name": "Sampaio Correa",
    "state": "",
    "city": "",
    "founded_year": null,
    "badge_url": "",
    "status": "active",
    "notes": ""
  }
},
{
  "model": "clubs.club",
  "pk": 182,
  "fields": {
    "created_at": "2026-04-12T23:39:55.062Z",
    "updated_at": "2026-04-12T23:44:22.853Z",
    "slug": "velo-clube",
    "country": 1,
    "division": 4,
    "official_name": "Velo Clube",
    "short_name": "Velo Clube",
    "state": "",
    "city": "",
    "founded_year": null,
    "badge_url": "",
    "status": "active",
    "notes": ""
  }
},
{
  "model": "clubs.club",
  "pk": 183,
  "fields": {
    "created_at": "2026-04-12T23:39:55.073Z",
    "updated_at": "2026-04-12T23:44:22.853Z",
    "slug": "xv-de-piracicaba",
    "country": 1,
    "division": 4,
    "official_name": "XV de Piracicaba",
    "short_name": "XV de Piracicaba",
    "state": "",
    "city": "",
    "founded_year": null,
    "badge_url": "",
    "status": "active",
    "notes": ""
  }
},
{
  "model": "clubs.club",
  "pk": 184,
  "fields": {
    "created_at": "2026-04-12T23:39:55.076Z",
    "updated_at": "2026-04-12T23:44:22.854Z",
    "slug": "cascavel",
    "country": 1,
    "division": 4,
    "official_name": "Cascavel",
    "short_name": "Cascavel",
    "state": "",
    "city": "",
    "founded_year": null,
    "badge_url": "",
    "status": "active",
    "notes": ""
  }
},
{
  "model": "clubs.club",
  "pk": 185,
  "fields": {
    "created_at": "2026-04-12T23:39:55.079Z",
    "updated_at": "2026-04-12T23:44:22.854Z",
    "slug": "guarany-fc",
    "country": 1,
    "division": 4,
    "official_name": "Guarany FC",
    "short_name": "Guarany FC",
    "state": "",
    "city": "",
    "founded_year": null,
    "badge_url": "",
    "status": "active",
    "notes": ""
  }
},
{
  "model": "clubs.club",
  "pk": 186,
  "fields": {
    "created_at": "2026-04-12T23:39:55.082Z",
    "updated_at": "2026-04-12T23:44:22.855Z",
    "slug": "joinville",
    "country": 1,
    "division": 4,
    "official_name": "Joinville",
    "short_name": "Joinville",
    "state": "",
    "city": "",
    "founded_year": null,
    "badge_url": "",
    "status": "active",
    "notes": ""
  }
},
{
  "model": "clubs.club",
  "pk": 187,
  "fields": {
    "created_at": "2026-04-12T23:39:55.084Z",
    "updated_at": "2026-04-12T23:44:22.855Z",
    "slug": "leao-do-vale-cianorte",
    "country": 1,
    "division": 4,
    "official_name": "Leão do vale- Cianorte",
    "short_name": "Leão do vale- Cianorte",
    "state": "",
    "city": "",
    "founded_year": null,
    "badge_url": "",
    "status": "active",
    "notes": ""
  }
},
{
  "model": "clubs.club",
  "pk": 188,
  "fields": {
    "created_at": "2026-04-12T23:39:55.086Z",
    "updated_at": "2026-04-12T23:44:22.855Z",
    "slug": "santa-catarina-clube",
    "country": 1,
    "division": 4,
    "official_name": "Santa Catarina Clube",
    "short_name": "Santa Catarina Clube",
    "state": "",
    "city": "",
    "founded_year": null,
    "badge_url": "",
    "status": "active",
    "notes": ""
  }
},
{
  "model": "clubs.club",
  "pk": 189,
  "fields": {
    "created_at": "2026-04-12T23:39:55.087Z",
    "updated_at": "2026-04-12T23:44:22.856Z",
    "slug": "sao-luiz",
    "country": 1,
    "division": 4,
    "official_name": "São Luiz",
    "short_name": "São Luiz",
    "state": "",
    "city": "",
    "founded_year": null,
    "badge_url": "",
    "status": "active",
    "notes": ""
  }
},
{
  "model": "clubs.club",
  "pk": 190,
  "fields": {
    "created_at": "2026-04-12T23:39:55.089Z",
    "updated_at": "2026-04-12T23:44:22.856Z",
    "slug": "azuriz",
    "country": 1,
    "division": 4,
    "official_name": "Azuriz",
    "short_name": "Azuriz",
    "state": "",
    "city": "",
    "founded_year": null,
    "badge_url": "",
    "status": "active",
    "notes": ""
  }
},
{
  "model": "clubs.club",
  "pk": 191,
  "fields": {
    "created_at": "2026-04-12T23:39:55.090Z",
    "updated_at": "2026-04-12T23:44:22.856Z",
    "slug": "blumenau",
    "country": 1,
    "division": 4,
    "official_name": "Blumenau",
    "short_name": "Blumenau",
    "state": "",
    "city": "",
    "founded_year": null,
    "badge_url": "",
    "status": "active",
    "notes": ""
  }
},
{
  "model": "clubs.club",
  "pk": 192,
  "fields": {
    "created_at": "2026-04-12T23:39:55.092Z",
    "updated_at": "2026-04-12T23:44:22.857Z",
    "slug": "brasil-de-pelotas",
    "country": 1,
    "division": 4,
    "official_name": "Brasil de Pelotas",
    "short_name": "Brasil de Pelotas",
    "state": "",
    "city": "",
    "founded_year": null,
    "badge_url": "",
    "status": "active",
    "notes": ""
  }
},
{
  "model": "clubs.club",
  "pk": 193,
  "fields": {
    "created_at": "2026-04-12T23:39:55.096Z",
    "updated_at": "2026-04-12T23:44:22.857Z",
    "slug": "marcilio-dias",
    "country": 1,
    "division": 4,
    "official_name": "Marcilio dias",
    "short_name": "Marcilio dias",
    "state": "",
    "city": "",
    "founded_year": null,
    "badge_url": "",
    "status": "active",
    "notes": ""
  }
},
{
  "model": "clubs.club",
  "pk": 194,
  "fields": {
    "created_at": "2026-04-12T23:39:55.100Z",
    "updated_at": "2026-04-12T23:44:22.857Z",
    "slug": "sao-jose",
    "country": 1,
    "division": 4,
    "official_name": "São José",
    "short_name": "São José",
    "state": "",
    "city": "",
    "founded_year": null,
    "badge_url": "",
    "status": "active",
    "notes": ""
  }
},
{
  "model": "clubs.club",
  "pk": 195,
  "fields": {
    "created_at": "2026-04-12T23:39:55.102Z",
    "updated_at": "2026-04-12T23:44:22.858Z",
    "slug": "saojoseense",
    "country": 1,
    "division": 4,
    "official_name": "Sãojoseense",
    "short_name": "Sãojoseense",
    "state": "",
    "city": "",
    "founded_year": null,
    "badge_url": "",
    "status": "active",
    "notes": ""
  }
},
{
  "model": "clubs.club",
  "pk": 196,
  "fields": {
    "created_at": "2026-04-12T23:44:10.852Z",
    "updated_at": "2026-04-12T23:44:22.839Z",
    "slug": "abecat",
    "country": 1,
    "division": 4,
    "official_name": "Abecat",
    "short_name": "Abecat",
    "state": "",
    "city": "",
    "founded_year": null,
    "badge_url": "",
    "status": "active",
    "notes": ""
  }
},
{
  "model": "clubs.club",
  "pk": 197,
  "fields": {
    "created_at": "2026-04-12T23:44:10.861Z",
    "updated_at": "2026-04-12T23:44:22.840Z",
    "slug": "betim",
    "country": 1,
    "division": 4,
    "official_name": "Betim",
    "short_name": "Betim",
    "state": "",
    "city": "",
    "founded_year": null,
    "badge_url": "",
    "status": "active",
    "notes": ""
  }
},
{
  "model": "clubs.club",
  "pk": 198,
  "fields": {
    "created_at": "2026-04-12T23:44:10.872Z",
    "updated_at": "2026-04-12T23:44:22.841Z",
    "slug": "crac",
    "country": 1,
    "division": 4,
    "official_name": "Crac",
    "short_name": "Crac",
    "state": "",
    "city": "",
    "founded_year": null,
    "badge_url": "",
    "status": "active",
    "notes": ""
  }
},
{
  "model": "clubs.club",
  "pk": 199,
  "fields": {
    "created_at": "2026-04-12T23:44:10.884Z",
    "updated_at": "2026-04-12T23:44:22.841Z",
    "slug": "ivinhema",
    "country": 1,
    "division": 4,
    "official_name": "Ivinhema",
    "short_name": "Ivinhema",
    "state": "",
    "city": "",
    "founded_year": null,
    "badge_url": "",
    "status": "active",
    "notes": ""
  }
},
{
  "model": "clubs.club",
  "pk": 200,
  "fields": {
    "created_at": "2026-04-12T23:44:10.905Z",
    "updated_at": "2026-04-12T23:44:22.842Z",
    "slug": "uberlandia",
    "country": 1,
    "division": 4,
    "official_name": "Uberlandia",
    "short_name": "Uberlandia",
    "state": "",
    "city": "",
    "founded_year": null,
    "badge_url": "",
    "status": "active",
    "notes": ""
  }
},
{
  "model": "clubs.club",
  "pk": 201,
  "fields": {
    "created_at": "2026-04-13T14:53:39.012Z",
    "updated_at": "2026-04-13T14:53:39.012Z",
    "slug": "gremio",
    "country": 1,
    "division": 1,
    "official_name": "Gremio",
    "short_name": "Gremio",
    "state": "",
    "city": "",
    "founded_year": null,
    "badge_url": "",
    "status": "active",
    "notes": ""
  }
},
{
  "model": "clubs.club",
  "pk": 202,
  "fields": {
    "created_at": "2026-04-13T15:44:52.713Z",
    "updated_at": "2026-04-13T15:54:31.010Z",
    "slug": "benfica",
    "country": 2,
    "division": 5,
    "official_name": "SL Benfica",
    "short_name": "Benfica",
    "state": "",
    "city": "Lisboa",
    "founded_year": 1904,
    "badge_url": "",
    "status": "active",
    "notes": "Fonte base: Liga Portugal 2025-2026 e verificacao complementar em 2026-04-13"
  }
},
{
  "model": "clubs.club",
  "pk": 203,
  "fields": {
    "created_at": "2026-04-13T15:44:52.735Z",
    "updated_at": "2026-04-13T15:54:31.028Z",
    "slug": "sporting",
    "country": 2,
    "division": 5,
    "official_name": "Sporting CP",
    "short_name": "Sporting",
    "state": "",
    "city": "Lisboa",
    "founded_year": 1906,
    "badge_url": "",
    "status": "active",
    "notes": "Fonte base: Liga Portugal 2025-2026 e verificacao complementar em 2026-04-13"
  }
},
{
  "model": "clubs.club",
  "pk": 204,
  "fields": {
    "created_at": "2026-04-13T15:44:52.752Z",
    "updated_at": "2026-04-13T15:54:31.046Z",
    "slug": "porto",
    "country": 2,
    "division": 5,
    "official_name": "FC Porto",
    "short_name": "Porto",
    "state": "",
    "city": "Porto",
    "founded_year": 1893,
    "badge_url": "",
    "status": "active",
    "notes": "Fonte base: Liga Portugal 2025-2026 e verificacao complementar em 2026-04-13"
  }
},
{
  "model": "clubs.club",
  "pk": 205,
  "fields": {
    "created_at": "2026-04-13T15:44:52.772Z",
    "updated_at": "2026-04-13T15:54:31.064Z",
    "slug": "braga",
    "country": 2,
    "division": 5,
    "official_name": "SC Braga",
    "short_name": "Braga",
    "state": "",
    "city": "Braga",
    "founded_year": 1921,
    "badge_url": "",
    "status": "active",
    "notes": "Fonte base: Liga Portugal 2025-2026 e verificacao complementar em 2026-04-13"
  }
},
{
  "model": "clubs.club",
  "pk": 206,
  "fields": {
    "created_at": "2026-04-13T15:44:52.795Z",
    "updated_at": "2026-04-13T15:54:31.100Z",
    "slug": "vitoria-sc",
    "country": 2,
    "division": 5,
    "official_name": "Vitoria SC",
    "short_name": "Vitoria SC",
    "state": "",
    "city": "Guimaraes",
    "founded_year": 1922,
    "badge_url": "",
    "status": "active",
    "notes": "Fonte base: Liga Portugal 2025-2026 e verificacao complementar em 2026-04-13"
  }
},
{
  "model": "clubs.club",
  "pk": 207,
  "fields": {
    "created_at": "2026-04-13T15:44:52.820Z",
    "updated_at": "2026-04-13T15:54:31.121Z",
    "slug": "famalicao",
    "country": 2,
    "division": 5,
    "official_name": "Famalicao",
    "short_name": "Famalicao",
    "state": "",
    "city": "Vila Nova de Famalicao",
    "founded_year": 1931,
    "badge_url": "",
    "status": "active",
    "notes": "Fonte base: Liga Portugal 2025-2026 e verificacao complementar em 2026-04-13"
  }
},
{
  "model": "clubs.club",
  "pk": 208,
  "fields": {
    "created_at": "2026-04-13T15:44:52.846Z",
    "updated_at": "2026-04-13T15:54:31.142Z",
    "slug": "gil-vicente",
    "country": 2,
    "division": 5,
    "official_name": "Gil Vicente",
    "short_name": "Gil Vicente",
    "state": "",
    "city": "Barcelos",
    "founded_year": 1924,
    "badge_url": "",
    "status": "active",
    "notes": "Fonte base: Liga Portugal 2025-2026 e verificacao complementar em 2026-04-13"
  }
},
{
  "model": "clubs.club",
  "pk": 209,
  "fields": {
    "created_at": "2026-04-13T15:44:52.873Z",
    "updated_at": "2026-04-13T15:54:31.163Z",
    "slug": "moreirense",
    "country": 2,
    "division": 5,
    "official_name": "Moreirense",
    "short_name": "Moreirense",
    "state": "",
    "city": "Moreira de Conegos",
    "founded_year": 1938,
    "badge_url": "",
    "status": "active",
    "notes": "Fonte base: Liga Portugal 2025-2026 e verificacao complementar em 2026-04-13"
  }
},
{
  "model": "clubs.club",
  "pk": 210,
  "fields": {
    "created_at": "2026-04-13T15:44:52.896Z",
    "updated_at": "2026-04-13T15:54:31.181Z",
    "slug": "rio-ave",
    "country": 2,
    "division": 5,
    "official_name": "Rio Ave",
    "short_name": "Rio Ave",
    "state": "",
    "city": "Vila do Conde",
    "founded_year": 1939,
    "badge_url": "",
    "status": "active",
    "notes": "Fonte base: Liga Portugal 2025-2026 e verificacao complementar em 2026-04-13"
  }
},
{
  "model": "clubs.club",
  "pk": 211,
  "fields": {
    "created_at": "2026-04-13T15:44:52.927Z",
    "updated_at": "2026-04-13T15:54:31.198Z",
    "slug": "arouca",
    "country": 2,
    "division": 5,
    "official_name": "Arouca",
    "short_name": "Arouca",
    "state": "",
    "city": "Arouca",
    "founded_year": 1951,
    "badge_url": "",
    "status": "active",
    "notes": "Fonte base: Liga Portugal 2025-2026 e verificacao complementar em 2026-04-13"
  }
},
{
  "model": "clubs.club",
  "pk": 212,
  "fields": {
    "created_at": "2026-04-13T15:44:52.953Z",
    "updated_at": "2026-04-13T15:54:31.217Z",
    "slug": "casa-pia",
    "country": 2,
    "division": 5,
    "official_name": "Casa Pia",
    "short_name": "Casa Pia",
    "state": "",
    "city": "Lisboa",
    "founded_year": 1920,
    "badge_url": "",
    "status": "active",
    "notes": "Fonte base: Liga Portugal 2025-2026 e verificacao complementar em 2026-04-13"
  }
},
{
  "model": "clubs.club",
  "pk": 213,
  "fields": {
    "created_at": "2026-04-13T15:44:52.985Z",
    "updated_at": "2026-04-13T15:54:31.236Z",
    "slug": "estoril-praia",
    "country": 2,
    "division": 5,
    "official_name": "Estoril Praia",
    "short_name": "Estoril Praia",
    "state": "",
    "city": "Cascais",
    "founded_year": 1939,
    "badge_url": "",
    "status": "active",
    "notes": "Fonte base: Liga Portugal 2025-2026 e verificacao complementar em 2026-04-13"
  }
},
{
  "model": "clubs.club",
  "pk": 214,
  "fields": {
    "created_at": "2026-04-13T15:44:53.013Z",
    "updated_at": "2026-04-13T15:54:31.253Z",
    "slug": "estrela-amadora",
    "country": 2,
    "division": 5,
    "official_name": "Estrela da Amadora",
    "short_name": "Estrela Amadora",
    "state": "",
    "city": "Amadora",
    "founded_year": 2020,
    "badge_url": "",
    "status": "active",
    "notes": "Fonte base: Liga Portugal 2025-2026 e verificacao complementar em 2026-04-13"
  }
},
{
  "model": "clubs.club",
  "pk": 215,
  "fields": {
    "created_at": "2026-04-13T15:44:53.038Z",
    "updated_at": "2026-04-13T15:54:31.269Z",
    "slug": "nacional-2",
    "country": 2,
    "division": 5,
    "official_name": "CD Nacional",
    "short_name": "Nacional",
    "state": "",
    "city": "Funchal",
    "founded_year": 1910,
    "badge_url": "",
    "status": "active",
    "notes": "Fonte base: Liga Portugal 2025-2026 e verificacao complementar em 2026-04-13"
  }
},
{
  "model": "clubs.club",
  "pk": 216,
  "fields": {
    "created_at": "2026-04-13T15:44:53.063Z",
    "updated_at": "2026-04-13T15:54:31.293Z",
    "slug": "santa-clara",
    "country": 2,
    "division": 5,
    "official_name": "Santa Clara",
    "short_name": "Santa Clara",
    "state": "",
    "city": "Ponta Delgada",
    "founded_year": 1921,
    "badge_url": "",
    "status": "active",
    "notes": "Fonte base: Liga Portugal 2025-2026 e verificacao complementar em 2026-04-13"
  }
},
{
  "model": "clubs.club",
  "pk": 217,
  "fields": {
    "created_at": "2026-04-13T15:44:53.086Z",
    "updated_at": "2026-04-13T15:54:31.312Z",
    "slug": "alverca",
    "country": 2,
    "division": 5,
    "official_name": "FC Alverca",
    "short_name": "Alverca",
    "state": "",
    "city": "Alverca do Ribatejo",
    "founded_year": 1939,
    "badge_url": "",
    "status": "active",
    "notes": "Fonte base: Liga Portugal 2025-2026 e verificacao complementar em 2026-04-13"
  }
},
{
  "model": "clubs.club",
  "pk": 218,
  "fields": {
    "created_at": "2026-04-13T15:44:53.108Z",
    "updated_at": "2026-04-13T15:54:31.328Z",
    "slug": "tondela",
    "country": 2,
    "division": 5,
    "official_name": "Tondela",
    "short_name": "Tondela",
    "state": "",
    "city": "Tondela",
    "founded_year": 1933,
    "badge_url": "",
    "status": "active",
    "notes": "Fonte base: Liga Portugal 2025-2026 e verificacao complementar em 2026-04-13"
  }
},
{
  "model": "clubs.club",
  "pk": 219,
  "fields": {
    "created_at": "2026-04-13T15:44:53.127Z",
    "updated_at": "2026-04-13T15:54:31.343Z",
    "slug": "avs",
    "country": 2,
    "division": 5,
    "official_name": "AVS Futebol SAD",
    "short_name": "AVS",
    "state": "",
    "city": "Vila das Aves",
    "founded_year": 2023,
    "badge_url": "",
    "status": "active",
    "notes": "Fonte base: Liga Portugal 2025-2026 e verificacao complementar em 2026-04-13"
  }
},
{
  "model": "clubs.club",
  "pk": 220,
  "fields": {
    "created_at": "2026-04-13T15:44:53.154Z",
    "updated_at": "2026-04-13T15:54:31.353Z",
    "slug": "athletic-club",
    "country": 3,
    "division": 6,
    "official_name": "Athletic Club",
    "short_name": "Athletic Club",
    "state": "",
    "city": "Bilbao",
    "founded_year": 1898,
    "badge_url": "",
    "status": "active",
    "notes": "Fonte: LALIGA clubes 2025-2026 consultado em 2026-04-13"
  }
},
{
  "model": "clubs.club",
  "pk": 221,
  "fields": {
    "created_at": "2026-04-13T15:44:53.174Z",
    "updated_at": "2026-04-13T15:54:31.369Z",
    "slug": "atletico-de-madrid",
    "country": 3,
    "division": 6,
    "official_name": "Atletico de Madrid",
    "short_name": "Atletico de Madrid",
    "state": "",
    "city": "Madrid",
    "founded_year": 1903,
    "badge_url": "",
    "status": "active",
    "notes": "Fonte: LALIGA clubes 2025-2026 consultado em 2026-04-13"
  }
},
{
  "model": "clubs.club",
  "pk": 222,
  "fields": {
    "created_at": "2026-04-13T15:44:53.196Z",
    "updated_at": "2026-04-13T15:54:31.382Z",
    "slug": "osasuna",
    "country": 3,
    "division": 6,
    "official_name": "CA Osasuna",
    "short_name": "Osasuna",
    "state": "",
    "city": "Pamplona",
    "founded_year": 1920,
    "badge_url": "",
    "status": "active",
    "notes": "Fonte: LALIGA clubes 2025-2026 consultado em 2026-04-13"
  }
},
{
  "model": "clubs.club",
  "pk": 223,
  "fields": {
    "created_at": "2026-04-13T15:44:53.214Z",
    "updated_at": "2026-04-13T15:54:31.393Z",
    "slug": "celta",
    "country": 3,
    "division": 6,
    "official_name": "Celta de Vigo",
    "short_name": "Celta",
    "state": "",
    "city": "Vigo",
    "founded_year": 1923,
    "badge_url": "",
    "status": "active",
    "notes": "Fonte: LALIGA clubes 2025-2026 consultado em 2026-04-13"
  }
},
{
  "model": "clubs.club",
  "pk": 224,
  "fields": {
    "created_at": "2026-04-13T15:44:53.230Z",
    "updated_at": "2026-04-13T15:54:31.411Z",
    "slug": "alaves",
    "country": 3,
    "division": 6,
    "official_name": "Deportivo Alaves",
    "short_name": "Alaves",
    "state": "",
    "city": "Vitoria-Gasteiz",
    "founded_year": 1921,
    "badge_url": "",
    "status": "active",
    "notes": "Fonte: LALIGA clubes 2025-2026 consultado em 2026-04-13"
  }
},
{
  "model": "clubs.club",
  "pk": 225,
  "fields": {
    "created_at": "2026-04-13T15:44:53.245Z",
    "updated_at": "2026-04-13T15:54:31.424Z",
    "slug": "elche",
    "country": 3,
    "division": 6,
    "official_name": "Elche CF",
    "short_name": "Elche",
    "state": "",
    "city": "Elche",
    "founded_year": 1923,
    "badge_url": "",
    "status": "active",
    "notes": "Fonte: LALIGA clubes 2025-2026 consultado em 2026-04-13"
  }
},
{
  "model": "clubs.club",
  "pk": 226,
  "fields": {
    "created_at": "2026-04-13T15:44:53.258Z",
    "updated_at": "2026-04-13T15:54:31.435Z",
    "slug": "barcelona",
    "country": 3,
    "division": 6,
    "official_name": "FC Barcelona",
    "short_name": "Barcelona",
    "state": "",
    "city": "Barcelona",
    "founded_year": 1899,
    "badge_url": "",
    "status": "active",
    "notes": "Fonte: LALIGA clubes 2025-2026 consultado em 2026-04-13"
  }
},
{
  "model": "clubs.club",
  "pk": 227,
  "fields": {
    "created_at": "2026-04-13T15:44:53.271Z",
    "updated_at": "2026-04-13T15:54:31.447Z",
    "slug": "getafe",
    "country": 3,
    "division": 6,
    "official_name": "Getafe CF",
    "short_name": "Getafe",
    "state": "",
    "city": "Getafe",
    "founded_year": 1983,
    "badge_url": "",
    "status": "active",
    "notes": "Fonte: LALIGA clubes 2025-2026 consultado em 2026-04-13"
  }
},
{
  "model": "clubs.club",
  "pk": 228,
  "fields": {
    "created_at": "2026-04-13T15:44:53.287Z",
    "updated_at": "2026-04-13T15:54:31.460Z",
    "slug": "girona",
    "country": 3,
    "division": 6,
    "official_name": "Girona FC",
    "short_name": "Girona",
    "state": "",
    "city": "Girona",
    "founded_year": 1930,
    "badge_url": "",
    "status": "active",
    "notes": "Fonte: LALIGA clubes 2025-2026 consultado em 2026-04-13"
  }
},
{
  "model": "clubs.club",
  "pk": 229,
  "fields": {
    "created_at": "2026-04-13T15:44:53.303Z",
    "updated_at": "2026-04-13T15:54:31.472Z",
    "slug": "levante",
    "country": 3,
    "division": 6,
    "official_name": "Levante UD",
    "short_name": "Levante",
    "state": "",
    "city": "Valencia",
    "founded_year": 1909,
    "badge_url": "",
    "status": "active",
    "notes": "Fonte: LALIGA clubes 2025-2026 consultado em 2026-04-13"
  }
},
{
  "model": "clubs.club",
  "pk": 230,
  "fields": {
    "created_at": "2026-04-13T15:44:53.317Z",
    "updated_at": "2026-04-13T15:54:31.484Z",
    "slug": "rayo-vallecano",
    "country": 3,
    "division": 6,
    "official_name": "Rayo Vallecano",
    "short_name": "Rayo Vallecano",
    "state": "",
    "city": "Madrid",
    "founded_year": 1924,
    "badge_url": "",
    "status": "active",
    "notes": "Fonte: LALIGA clubes 2025-2026 consultado em 2026-04-13"
  }
},
{
  "model": "clubs.club",
  "pk": 231,
  "fields": {
    "created_at": "2026-04-13T15:44:53.472Z",
    "updated_at": "2026-04-13T15:54:31.497Z",
    "slug": "espanyol",
    "country": 3,
    "division": 6,
    "official_name": "RCD Espanyol de Barcelona",
    "short_name": "Espanyol",
    "state": "",
    "city": "Barcelona",
    "founded_year": 1900,
    "badge_url": "",
    "status": "active",
    "notes": "Fonte: LALIGA clubes 2025-2026 consultado em 2026-04-13"
  }
},
{
  "model": "clubs.club",
  "pk": 232,
  "fields": {
    "created_at": "2026-04-13T15:44:53.492Z",
    "updated_at": "2026-04-13T15:54:31.511Z",
    "slug": "mallorca",
    "country": 3,
    "division": 6,
    "official_name": "RCD Mallorca",
    "short_name": "Mallorca",
    "state": "",
    "city": "Palma",
    "founded_year": 1916,
    "badge_url": "",
    "status": "active",
    "notes": "Fonte: LALIGA clubes 2025-2026 consultado em 2026-04-13"
  }
},
{
  "model": "clubs.club",
  "pk": 233,
  "fields": {
    "created_at": "2026-04-13T15:44:53.514Z",
    "updated_at": "2026-04-13T15:54:31.522Z",
    "slug": "real-betis",
    "country": 3,
    "division": 6,
    "official_name": "Real Betis",
    "short_name": "Real Betis",
    "state": "",
    "city": "Sevilla",
    "founded_year": 1907,
    "badge_url": "",
    "status": "active",
    "notes": "Fonte: LALIGA clubes 2025-2026 consultado em 2026-04-13"
  }
},
{
  "model": "clubs.club",
  "pk": 234,
  "fields": {
    "created_at": "2026-04-13T15:44:53.534Z",
    "updated_at": "2026-04-13T15:54:31.533Z",
    "slug": "real-madrid",
    "country": 3,
    "division": 6,
    "official_name": "Real Madrid",
    "short_name": "Real Madrid",
    "state": "",
    "city": "Madrid",
    "founded_year": 1902,
    "badge_url": "",
    "status": "active",
    "notes": "Fonte: LALIGA clubes 2025-2026 consultado em 2026-04-13"
  }
},
{
  "model": "clubs.club",
  "pk": 235,
  "fields": {
    "created_at": "2026-04-13T15:44:53.553Z",
    "updated_at": "2026-04-13T15:54:31.545Z",
    "slug": "real-oviedo",
    "country": 3,
    "division": 6,
    "official_name": "Real Oviedo",
    "short_name": "Real Oviedo",
    "state": "",
    "city": "Oviedo",
    "founded_year": 1926,
    "badge_url": "",
    "status": "active",
    "notes": "Fonte: LALIGA clubes 2025-2026 consultado em 2026-04-13"
  }
},
{
  "model": "clubs.club",
  "pk": 236,
  "fields": {
    "created_at": "2026-04-13T15:44:53.572Z",
    "updated_at": "2026-04-13T15:54:31.559Z",
    "slug": "real-sociedad",
    "country": 3,
    "division": 6,
    "official_name": "Real Sociedad",
    "short_name": "Real Sociedad",
    "state": "",
    "city": "San Sebastian",
    "founded_year": 1909,
    "badge_url": "",
    "status": "active",
    "notes": "Fonte: LALIGA clubes 2025-2026 consultado em 2026-04-13"
  }
},
{
  "model": "clubs.club",
  "pk": 237,
  "fields": {
    "created_at": "2026-04-13T15:44:53.593Z",
    "updated_at": "2026-04-13T15:54:31.570Z",
    "slug": "sevilla",
    "country": 3,
    "division": 6,
    "official_name": "Sevilla FC",
    "short_name": "Sevilla",
    "state": "",
    "city": "Sevilla",
    "founded_year": 1890,
    "badge_url": "",
    "status": "active",
    "notes": "Fonte: LALIGA clubes 2025-2026 consultado em 2026-04-13"
  }
},
{
  "model": "clubs.club",
  "pk": 238,
  "fields": {
    "created_at": "2026-04-13T15:44:53.611Z",
    "updated_at": "2026-04-13T15:54:31.581Z",
    "slug": "valencia",
    "country": 3,
    "division": 6,
    "official_name": "Valencia CF",
    "short_name": "Valencia",
    "state": "",
    "city": "Valencia",
    "founded_year": 1919,
    "badge_url": "",
    "status": "active",
    "notes": "Fonte: LALIGA clubes 2025-2026 consultado em 2026-04-13"
  }
},
{
  "model": "clubs.club",
  "pk": 239,
  "fields": {
    "created_at": "2026-04-13T15:44:53.628Z",
    "updated_at": "2026-04-13T15:54:31.595Z",
    "slug": "villarreal",
    "country": 3,
    "division": 6,
    "official_name": "Villarreal CF",
    "short_name": "Villarreal",
    "state": "",
    "city": "Villarreal",
    "founded_year": 1923,
    "badge_url": "",
    "status": "active",
    "notes": "Fonte: LALIGA clubes 2025-2026 consultado em 2026-04-13"
  }
},
{
  "model": "clubs.club",
  "pk": 240,
  "fields": {
    "created_at": "2026-04-13T15:44:53.647Z",
    "updated_at": "2026-04-13T15:54:31.608Z",
    "slug": "atalanta",
    "country": 4,
    "division": 7,
    "official_name": "Atalanta",
    "short_name": "Atalanta",
    "state": "",
    "city": "Bergamo",
    "founded_year": 1907,
    "badge_url": "",
    "status": "active",
    "notes": "Fonte: Serie A Enilive clubes 2025-2026 consultado em 2026-04-13"
  }
},
{
  "model": "clubs.club",
  "pk": 241,
  "fields": {
    "created_at": "2026-04-13T15:44:53.661Z",
    "updated_at": "2026-04-13T15:54:31.619Z",
    "slug": "bologna",
    "country": 4,
    "division": 7,
    "official_name": "Bologna",
    "short_name": "Bologna",
    "state": "",
    "city": "Bologna",
    "founded_year": 1909,
    "badge_url": "",
    "status": "active",
    "notes": "Fonte: Serie A Enilive clubes 2025-2026 consultado em 2026-04-13"
  }
},
{
  "model": "clubs.club",
  "pk": 242,
  "fields": {
    "created_at": "2026-04-13T15:44:53.678Z",
    "updated_at": "2026-04-13T15:54:31.629Z",
    "slug": "cagliari",
    "country": 4,
    "division": 7,
    "official_name": "Cagliari",
    "short_name": "Cagliari",
    "state": "",
    "city": "Cagliari",
    "founded_year": 1920,
    "badge_url": "",
    "status": "active",
    "notes": "Fonte: Serie A Enilive clubes 2025-2026 consultado em 2026-04-13"
  }
},
{
  "model": "clubs.club",
  "pk": 243,
  "fields": {
    "created_at": "2026-04-13T15:44:53.693Z",
    "updated_at": "2026-04-13T15:54:31.638Z",
    "slug": "como",
    "country": 4,
    "division": 7,
    "official_name": "Como",
    "short_name": "Como",
    "state": "",
    "city": "Como",
    "founded_year": 1907,
    "badge_url": "",
    "status": "active",
    "notes": "Fonte: Serie A Enilive clubes 2025-2026 consultado em 2026-04-13"
  }
},
{
  "model": "clubs.club",
  "pk": 244,
  "fields": {
    "created_at": "2026-04-13T15:44:53.708Z",
    "updated_at": "2026-04-13T15:54:31.651Z",
    "slug": "cremonese",
    "country": 4,
    "division": 7,
    "official_name": "Cremonese",
    "short_name": "Cremonese",
    "state": "",
    "city": "Cremona",
    "founded_year": 1903,
    "badge_url": "",
    "status": "active",
    "notes": "Fonte: Serie A Enilive clubes 2025-2026 consultado em 2026-04-13"
  }
},
{
  "model": "clubs.club",
  "pk": 245,
  "fields": {
    "created_at": "2026-04-13T15:44:53.727Z",
    "updated_at": "2026-04-13T15:54:31.663Z",
    "slug": "fiorentina",
    "country": 4,
    "division": 7,
    "official_name": "Fiorentina",
    "short_name": "Fiorentina",
    "state": "",
    "city": "Florence",
    "founded_year": 1926,
    "badge_url": "",
    "status": "active",
    "notes": "Fonte: Serie A Enilive clubes 2025-2026 consultado em 2026-04-13"
  }
},
{
  "model": "clubs.club",
  "pk": 246,
  "fields": {
    "created_at": "2026-04-13T15:44:53.742Z",
    "updated_at": "2026-04-13T15:54:31.676Z",
    "slug": "genoa",
    "country": 4,
    "division": 7,
    "official_name": "Genoa",
    "short_name": "Genoa",
    "state": "",
    "city": "Genoa",
    "founded_year": 1893,
    "badge_url": "",
    "status": "active",
    "notes": "Fonte: Serie A Enilive clubes 2025-2026 consultado em 2026-04-13"
  }
},
{
  "model": "clubs.club",
  "pk": 247,
  "fields": {
    "created_at": "2026-04-13T15:44:53.759Z",
    "updated_at": "2026-04-13T15:54:31.685Z",
    "slug": "hellas-verona",
    "country": 4,
    "division": 7,
    "official_name": "Hellas Verona",
    "short_name": "Hellas Verona",
    "state": "",
    "city": "Verona",
    "founded_year": 1903,
    "badge_url": "",
    "status": "active",
    "notes": "Fonte: Serie A Enilive clubes 2025-2026 consultado em 2026-04-13"
  }
},
{
  "model": "clubs.club",
  "pk": 248,
  "fields": {
    "created_at": "2026-04-13T15:44:53.775Z",
    "updated_at": "2026-04-13T15:54:31.698Z",
    "slug": "inter",
    "country": 4,
    "division": 7,
    "official_name": "Inter",
    "short_name": "Inter",
    "state": "",
    "city": "Milan",
    "founded_year": 1908,
    "badge_url": "",
    "status": "active",
    "notes": "Fonte: Serie A Enilive clubes 2025-2026 consultado em 2026-04-13"
  }
},
{
  "model": "clubs.club",
  "pk": 249,
  "fields": {
    "created_at": "2026-04-13T15:44:53.792Z",
    "updated_at": "2026-04-13T15:54:31.709Z",
    "slug": "juventus",
    "country": 4,
    "division": 7,
    "official_name": "Juventus",
    "short_name": "Juventus",
    "state": "",
    "city": "Turin",
    "founded_year": 1897,
    "badge_url": "",
    "status": "active",
    "notes": "Fonte: Serie A Enilive clubes 2025-2026 consultado em 2026-04-13"
  }
},
{
  "model": "clubs.club",
  "pk": 250,
  "fields": {
    "created_at": "2026-04-13T15:44:53.807Z",
    "updated_at": "2026-04-13T15:54:31.720Z",
    "slug": "lazio",
    "country": 4,
    "division": 7,
    "official_name": "Lazio",
    "short_name": "Lazio",
    "state": "",
    "city": "Rome",
    "founded_year": 1900,
    "badge_url": "",
    "status": "active",
    "notes": "Fonte: Serie A Enilive clubes 2025-2026 consultado em 2026-04-13"
  }
},
{
  "model": "clubs.club",
  "pk": 251,
  "fields": {
    "created_at": "2026-04-13T15:44:53.823Z",
    "updated_at": "2026-04-13T15:54:31.733Z",
    "slug": "lecce",
    "country": 4,
    "division": 7,
    "official_name": "Lecce",
    "short_name": "Lecce",
    "state": "",
    "city": "Lecce",
    "founded_year": 1908,
    "badge_url": "",
    "status": "active",
    "notes": "Fonte: Serie A Enilive clubes 2025-2026 consultado em 2026-04-13"
  }
},
{
  "model": "clubs.club",
  "pk": 252,
  "fields": {
    "created_at": "2026-04-13T15:44:53.839Z",
    "updated_at": "2026-04-13T15:54:31.746Z",
    "slug": "milan",
    "country": 4,
    "division": 7,
    "official_name": "Milan",
    "short_name": "Milan",
    "state": "",
    "city": "Milan",
    "founded_year": 1899,
    "badge_url": "",
    "status": "active",
    "notes": "Fonte: Serie A Enilive clubes 2025-2026 consultado em 2026-04-13"
  }
},
{
  "model": "clubs.club",
  "pk": 253,
  "fields": {
    "created_at": "2026-04-13T15:44:53.853Z",
    "updated_at": "2026-04-13T15:54:31.758Z",
    "slug": "napoli",
    "country": 4,
    "division": 7,
    "official_name": "Napoli",
    "short_name": "Napoli",
    "state": "",
    "city": "Naples",
    "founded_year": 1926,
    "badge_url": "",
    "status": "active",
    "notes": "Fonte: Serie A Enilive clubes 2025-2026 consultado em 2026-04-13"
  }
},
{
  "model": "clubs.club",
  "pk": 254,
  "fields": {
    "created_at": "2026-04-13T15:44:53.869Z",
    "updated_at": "2026-04-13T15:54:31.768Z",
    "slug": "parma",
    "country": 4,
    "division": 7,
    "official_name": "Parma",
    "short_name": "Parma",
    "state": "",
    "city": "Parma",
    "founded_year": 1913,
    "badge_url": "",
    "status": "active",
    "notes": "Fonte: Serie A Enilive clubes 2025-2026 consultado em 2026-04-13"
  }
},
{
  "model": "clubs.club",
  "pk": 255,
  "fields": {
    "created_at": "2026-04-13T15:44:53.887Z",
    "updated_at": "2026-04-13T15:54:31.786Z",
    "slug": "pisa",
    "country": 4,
    "division": 7,
    "official_name": "Pisa",
    "short_name": "Pisa",
    "state": "",
    "city": "Pisa",
    "founded_year": 1909,
    "badge_url": "",
    "status": "active",
    "notes": "Fonte: Serie A Enilive clubes 2025-2026 consultado em 2026-04-13"
  }
},
{
  "model": "clubs.club",
  "pk": 256,
  "fields": {
    "created_at": "2026-04-13T15:44:53.901Z",
    "updated_at": "2026-04-13T15:54:31.799Z",
    "slug": "roma",
    "country": 4,
    "division": 7,
    "official_name": "Roma",
    "short_name": "Roma",
    "state": "",
    "city": "Rome",
    "founded_year": 1927,
    "badge_url": "",
    "status": "active",
    "notes": "Fonte: Serie A Enilive clubes 2025-2026 consultado em 2026-04-13"
  }
},
{
  "model": "clubs.club",
  "pk": 257,
  "fields": {
    "created_at": "2026-04-13T15:44:53.917Z",
    "updated_at": "2026-04-13T15:54:31.812Z",
    "slug": "sassuolo",
    "country": 4,
    "division": 7,
    "official_name": "Sassuolo",
    "short_name": "Sassuolo",
    "state": "",
    "city": "Sassuolo",
    "founded_year": 1920,
    "badge_url": "",
    "status": "active",
    "notes": "Fonte: Serie A Enilive clubes 2025-2026 consultado em 2026-04-13"
  }
},
{
  "model": "clubs.club",
  "pk": 258,
  "fields": {
    "created_at": "2026-04-13T15:44:53.932Z",
    "updated_at": "2026-04-13T15:54:31.821Z",
    "slug": "torino",
    "country": 4,
    "division": 7,
    "official_name": "Torino",
    "short_name": "Torino",
    "state": "",
    "city": "Turin",
    "founded_year": 1906,
    "badge_url": "",
    "status": "active",
    "notes": "Fonte: Serie A Enilive clubes 2025-2026 consultado em 2026-04-13"
  }
},
{
  "model": "clubs.club",
  "pk": 259,
  "fields": {
    "created_at": "2026-04-13T15:44:53.953Z",
    "updated_at": "2026-04-13T15:54:31.833Z",
    "slug": "udinese",
    "country": 4,
    "division": 7,
    "official_name": "Udinese",
    "short_name": "Udinese",
    "state": "",
    "city": "Udine",
    "founded_year": 1896,
    "badge_url": "",
    "status": "active",
    "notes": "Fonte: Serie A Enilive clubes 2025-2026 consultado em 2026-04-13"
  }
},
{
  "model": "clubs.club",
  "pk": 260,
  "fields": {
    "created_at": "2026-04-13T15:54:31.844Z",
    "updated_at": "2026-04-13T15:54:31.849Z",
    "slug": "academico-de-viseu",
    "country": 2,
    "division": 8,
    "official_name": "Academico de Viseu",
    "short_name": "Academico de Viseu",
    "state": "",
    "city": "Viseu",
    "founded_year": null,
    "badge_url": "",
    "status": "active",
    "notes": "Base oficial Liga Portugal 2 2025-2026 com complemento inferido em 2026-04-13"
  }
},
{
  "model": "clubs.club",
  "pk": 261,
  "fields": {
    "created_at": "2026-04-13T15:54:31.855Z",
    "updated_at": "2026-04-13T15:54:31.861Z",
    "slug": "portimonense",
    "country": 2,
    "division": 8,
    "official_name": "Portimonense",
    "short_name": "Portimonense",
    "state": "",
    "city": "Portimao",
    "founded_year": null,
    "badge_url": "",
    "status": "active",
    "notes": "Base oficial Liga Portugal 2 2025-2026 com complemento inferido em 2026-04-13"
  }
},
{
  "model": "clubs.club",
  "pk": 262,
  "fields": {
    "created_at": "2026-04-13T15:54:31.866Z",
    "updated_at": "2026-04-13T15:54:31.871Z",
    "slug": "maritimo",
    "country": 2,
    "division": 8,
    "official_name": "Maritimo",
    "short_name": "Maritimo",
    "state": "",
    "city": "Funchal",
    "founded_year": null,
    "badge_url": "",
    "status": "active",
    "notes": "Base oficial Liga Portugal 2 2025-2026 com complemento inferido em 2026-04-13"
  }
},
{
  "model": "clubs.club",
  "pk": 263,
  "fields": {
    "created_at": "2026-04-13T15:54:31.877Z",
    "updated_at": "2026-04-13T15:54:31.884Z",
    "slug": "lusitania-de-lourosa",
    "country": 2,
    "division": 8,
    "official_name": "Lusitania de Lourosa",
    "short_name": "Lusitania de Lourosa",
    "state": "",
    "city": "Lourosa",
    "founded_year": null,
    "badge_url": "",
    "status": "active",
    "notes": "Base oficial Liga Portugal 2 2025-2026 com complemento inferido em 2026-04-13"
  }
},
{
  "model": "clubs.club",
  "pk": 264,
  "fields": {
    "created_at": "2026-04-13T15:54:31.891Z",
    "updated_at": "2026-04-13T15:54:31.897Z",
    "slug": "uniao-de-leiria",
    "country": 2,
    "division": 8,
    "official_name": "Uniao de Leiria",
    "short_name": "Uniao de Leiria",
    "state": "",
    "city": "Leiria",
    "founded_year": null,
    "badge_url": "",
    "status": "active",
    "notes": "Base oficial Liga Portugal 2 2025-2026 com complemento inferido em 2026-04-13"
  }
},
{
  "model": "clubs.club",
  "pk": 265,
  "fields": {
    "created_at": "2026-04-13T15:54:31.901Z",
    "updated_at": "2026-04-13T15:54:31.907Z",
    "slug": "pacos-de-ferreira",
    "country": 2,
    "division": 8,
    "official_name": "Pacos de Ferreira",
    "short_name": "Pacos de Ferreira",
    "state": "",
    "city": "Pacos de Ferreira",
    "founded_year": null,
    "badge_url": "",
    "status": "active",
    "notes": "Base oficial Liga Portugal 2 2025-2026 com complemento inferido em 2026-04-13"
  }
},
{
  "model": "clubs.club",
  "pk": 266,
  "fields": {
    "created_at": "2026-04-13T15:54:31.913Z",
    "updated_at": "2026-04-13T15:54:31.918Z",
    "slug": "penafiel",
    "country": 2,
    "division": 8,
    "official_name": "Penafiel",
    "short_name": "Penafiel",
    "state": "",
    "city": "Penafiel",
    "founded_year": null,
    "badge_url": "",
    "status": "active",
    "notes": "Base oficial Liga Portugal 2 2025-2026 com complemento inferido em 2026-04-13"
  }
},
{
  "model": "clubs.club",
  "pk": 267,
  "fields": {
    "created_at": "2026-04-13T15:54:31.927Z",
    "updated_at": "2026-04-13T15:54:31.933Z",
    "slug": "felgueiras",
    "country": 2,
    "division": 8,
    "official_name": "Felgueiras",
    "short_name": "Felgueiras",
    "state": "",
    "city": "Felgueiras",
    "founded_year": null,
    "badge_url": "",
    "status": "active",
    "notes": "Base oficial Liga Portugal 2 2025-2026 com complemento inferido em 2026-04-13"
  }
},
{
  "model": "clubs.club",
  "pk": 268,
  "fields": {
    "created_at": "2026-04-13T15:54:31.937Z",
    "updated_at": "2026-04-13T15:54:31.943Z",
    "slug": "vizela",
    "country": 2,
    "division": 8,
    "official_name": "Vizela",
    "short_name": "Vizela",
    "state": "",
    "city": "Vizela",
    "founded_year": null,
    "badge_url": "",
    "status": "active",
    "notes": "Base oficial Liga Portugal 2 2025-2026 com complemento inferido em 2026-04-13"
  }
},
{
  "model": "clubs.club",
  "pk": 269,
  "fields": {
    "created_at": "2026-04-13T15:54:31.949Z",
    "updated_at": "2026-04-13T15:54:31.954Z",
    "slug": "torreense",
    "country": 2,
    "division": 8,
    "official_name": "Torreense",
    "short_name": "Torreense",
    "state": "",
    "city": "Torres Vedras",
    "founded_year": null,
    "badge_url": "",
    "status": "active",
    "notes": "Base oficial Liga Portugal 2 2025-2026 com complemento inferido em 2026-04-13"
  }
},
{
  "model": "clubs.club",
  "pk": 270,
  "fields": {
    "created_at": "2026-04-13T15:54:31.961Z",
    "updated_at": "2026-04-13T15:54:32.031Z",
    "slug": "benfica-b",
    "country": 2,
    "division": 8,
    "official_name": "Benfica B",
    "short_name": "Benfica B",
    "state": "",
    "city": "Seixal",
    "founded_year": null,
    "badge_url": "",
    "status": "active",
    "notes": "Base oficial Liga Portugal 2 2025-2026 com complemento inferido em 2026-04-13"
  }
},
{
  "model": "clubs.club",
  "pk": 271,
  "fields": {
    "created_at": "2026-04-13T15:54:32.038Z",
    "updated_at": "2026-04-13T15:54:32.044Z",
    "slug": "porto-b",
    "country": 2,
    "division": 8,
    "official_name": "Porto B",
    "short_name": "Porto B",
    "state": "",
    "city": "Porto",
    "founded_year": null,
    "badge_url": "",
    "status": "active",
    "notes": "Base oficial Liga Portugal 2 2025-2026 com complemento inferido em 2026-04-13"
  }
},
{
  "model": "clubs.club",
  "pk": 272,
  "fields": {
    "created_at": "2026-04-13T15:54:32.051Z",
    "updated_at": "2026-04-13T15:54:32.059Z",
    "slug": "sporting-b",
    "country": 2,
    "division": 8,
    "official_name": "Sporting CP B",
    "short_name": "Sporting B",
    "state": "",
    "city": "Alcochete",
    "founded_year": null,
    "badge_url": "",
    "status": "active",
    "notes": "Base oficial Liga Portugal 2 2025-2026 com complemento inferido em 2026-04-13"
  }
},
{
  "model": "clubs.club",
  "pk": 273,
  "fields": {
    "created_at": "2026-04-13T15:54:32.065Z",
    "updated_at": "2026-04-13T15:54:32.071Z",
    "slug": "chaves",
    "country": 2,
    "division": 8,
    "official_name": "Chaves",
    "short_name": "Chaves",
    "state": "",
    "city": "Chaves",
    "founded_year": null,
    "badge_url": "",
    "status": "active",
    "notes": "Base oficial Liga Portugal 2 2025-2026 com complemento inferido em 2026-04-13"
  }
},
{
  "model": "clubs.club",
  "pk": 274,
  "fields": {
    "created_at": "2026-04-13T15:54:32.080Z",
    "updated_at": "2026-04-13T15:54:32.085Z",
    "slug": "feirense",
    "country": 2,
    "division": 8,
    "official_name": "Feirense",
    "short_name": "Feirense",
    "state": "",
    "city": "Santa Maria da Feira",
    "founded_year": null,
    "badge_url": "",
    "status": "active",
    "notes": "Base oficial Liga Portugal 2 2025-2026 com complemento inferido em 2026-04-13"
  }
},
{
  "model": "clubs.club",
  "pk": 275,
  "fields": {
    "created_at": "2026-04-13T15:54:32.091Z",
    "updated_at": "2026-04-13T15:54:32.097Z",
    "slug": "leixoes",
    "country": 2,
    "division": 8,
    "official_name": "Leixoes",
    "short_name": "Leixoes",
    "state": "",
    "city": "Matosinhos",
    "founded_year": null,
    "badge_url": "",
    "status": "active",
    "notes": "Base oficial Liga Portugal 2 2025-2026 com complemento inferido em 2026-04-13"
  }
},
{
  "model": "clubs.club",
  "pk": 276,
  "fields": {
    "created_at": "2026-04-13T15:54:32.102Z",
    "updated_at": "2026-04-13T15:54:32.108Z",
    "slug": "oliveirense",
    "country": 2,
    "division": 8,
    "official_name": "Oliveirense",
    "short_name": "Oliveirense",
    "state": "",
    "city": "Oliveira de Azemeis",
    "founded_year": null,
    "badge_url": "",
    "status": "active",
    "notes": "Base oficial Liga Portugal 2 2025-2026 com complemento inferido em 2026-04-13"
  }
},
{
  "model": "clubs.club",
  "pk": 277,
  "fields": {
    "created_at": "2026-04-13T15:54:32.115Z",
    "updated_at": "2026-04-13T15:54:32.120Z",
    "slug": "mafra",
    "country": 2,
    "division": 8,
    "official_name": "Mafra",
    "short_name": "Mafra",
    "state": "",
    "city": "Mafra",
    "founded_year": null,
    "badge_url": "",
    "status": "active",
    "notes": "Base oficial Liga Portugal 2 2025-2026 com complemento inferido em 2026-04-13"
  }
},
{
  "model": "clubs.club",
  "pk": 278,
  "fields": {
    "created_at": "2026-04-13T15:54:32.128Z",
    "updated_at": "2026-04-13T15:54:32.132Z",
    "slug": "ceuta",
    "country": 3,
    "division": 9,
    "official_name": "AD Ceuta FC",
    "short_name": "Ceuta",
    "state": "",
    "city": "Ceuta",
    "founded_year": null,
    "badge_url": "",
    "status": "active",
    "notes": "Fonte: LALIGA HYPERMOTION 2025-2026 consultada em 2026-04-13"
  }
},
{
  "model": "clubs.club",
  "pk": 279,
  "fields": {
    "created_at": "2026-04-13T15:54:32.137Z",
    "updated_at": "2026-04-13T15:54:32.144Z",
    "slug": "albacete",
    "country": 3,
    "division": 9,
    "official_name": "Albacete Balompie",
    "short_name": "Albacete",
    "state": "",
    "city": "Albacete",
    "founded_year": null,
    "badge_url": "",
    "status": "active",
    "notes": "Fonte: LALIGA HYPERMOTION 2025-2026 consultada em 2026-04-13"
  }
},
{
  "model": "clubs.club",
  "pk": 280,
  "fields": {
    "created_at": "2026-04-13T15:54:32.148Z",
    "updated_at": "2026-04-13T15:54:32.153Z",
    "slug": "almeria",
    "country": 3,
    "division": 9,
    "official_name": "Almeria",
    "short_name": "Almeria",
    "state": "",
    "city": "Almeria",
    "founded_year": null,
    "badge_url": "",
    "status": "active",
    "notes": "Fonte: LALIGA HYPERMOTION 2025-2026 consultada em 2026-04-13"
  }
},
{
  "model": "clubs.club",
  "pk": 281,
  "fields": {
    "created_at": "2026-04-13T15:54:32.161Z",
    "updated_at": "2026-04-13T15:54:32.166Z",
    "slug": "burgos",
    "country": 3,
    "division": 9,
    "official_name": "Burgos CF",
    "short_name": "Burgos",
    "state": "",
    "city": "Burgos",
    "founded_year": null,
    "badge_url": "",
    "status": "active",
    "notes": "Fonte: LALIGA HYPERMOTION 2025-2026 consultada em 2026-04-13"
  }
},
{
  "model": "clubs.club",
  "pk": 282,
  "fields": {
    "created_at": "2026-04-13T15:54:32.170Z",
    "updated_at": "2026-04-13T15:54:32.178Z",
    "slug": "cadiz",
    "country": 3,
    "division": 9,
    "official_name": "Cadiz CF",
    "short_name": "Cadiz",
    "state": "",
    "city": "Cadiz",
    "founded_year": null,
    "badge_url": "",
    "status": "active",
    "notes": "Fonte: LALIGA HYPERMOTION 2025-2026 consultada em 2026-04-13"
  }
},
{
  "model": "clubs.club",
  "pk": 283,
  "fields": {
    "created_at": "2026-04-13T15:54:32.184Z",
    "updated_at": "2026-04-13T15:54:32.192Z",
    "slug": "castellon",
    "country": 3,
    "division": 9,
    "official_name": "Castellon",
    "short_name": "Castellon",
    "state": "",
    "city": "Castellon de la Plana",
    "founded_year": null,
    "badge_url": "",
    "status": "active",
    "notes": "Fonte: LALIGA HYPERMOTION 2025-2026 consultada em 2026-04-13"
  }
},
{
  "model": "clubs.club",
  "pk": 284,
  "fields": {
    "created_at": "2026-04-13T15:54:32.197Z",
    "updated_at": "2026-04-13T15:54:32.202Z",
    "slug": "cordoba",
    "country": 3,
    "division": 9,
    "official_name": "Cordoba CF",
    "short_name": "Cordoba",
    "state": "",
    "city": "Cordoba",
    "founded_year": null,
    "badge_url": "",
    "status": "active",
    "notes": "Fonte: LALIGA HYPERMOTION 2025-2026 consultada em 2026-04-13"
  }
},
{
  "model": "clubs.club",
  "pk": 285,
  "fields": {
    "created_at": "2026-04-13T15:54:32.208Z",
    "updated_at": "2026-04-13T15:54:32.213Z",
    "slug": "cultural-leonesa",
    "country": 3,
    "division": 9,
    "official_name": "Cultural y Deportiva Leonesa",
    "short_name": "Cultural Leonesa",
    "state": "",
    "city": "Leon",
    "founded_year": null,
    "badge_url": "",
    "status": "active",
    "notes": "Fonte: LALIGA HYPERMOTION 2025-2026 consultada em 2026-04-13"
  }
},
{
  "model": "clubs.club",
  "pk": 286,
  "fields": {
    "created_at": "2026-04-13T15:54:32.220Z",
    "updated_at": "2026-04-13T15:54:32.226Z",
    "slug": "deportivo",
    "country": 3,
    "division": 9,
    "official_name": "Deportivo de La Coruna",
    "short_name": "Deportivo",
    "state": "",
    "city": "La Coruna",
    "founded_year": null,
    "badge_url": "",
    "status": "active",
    "notes": "Fonte: LALIGA HYPERMOTION 2025-2026 consultada em 2026-04-13"
  }
},
{
  "model": "clubs.club",
  "pk": 287,
  "fields": {
    "created_at": "2026-04-13T15:54:32.231Z",
    "updated_at": "2026-04-13T15:54:32.237Z",
    "slug": "granada",
    "country": 3,
    "division": 9,
    "official_name": "Granada CF",
    "short_name": "Granada",
    "state": "",
    "city": "Granada",
    "founded_year": null,
    "badge_url": "",
    "status": "active",
    "notes": "Fonte: LALIGA HYPERMOTION 2025-2026 consultada em 2026-04-13"
  }
},
{
  "model": "clubs.club",
  "pk": 288,
  "fields": {
    "created_at": "2026-04-13T15:54:32.243Z",
    "updated_at": "2026-04-13T15:54:32.248Z",
    "slug": "huesca",
    "country": 3,
    "division": 9,
    "official_name": "Huesca",
    "short_name": "Huesca",
    "state": "",
    "city": "Huesca",
    "founded_year": null,
    "badge_url": "",
    "status": "active",
    "notes": "Fonte: LALIGA HYPERMOTION 2025-2026 consultada em 2026-04-13"
  }
},
{
  "model": "clubs.club",
  "pk": 289,
  "fields": {
    "created_at": "2026-04-13T15:54:32.253Z",
    "updated_at": "2026-04-13T15:54:32.260Z",
    "slug": "leganes",
    "country": 3,
    "division": 9,
    "official_name": "Leganes",
    "short_name": "Leganes",
    "state": "",
    "city": "Leganes",
    "founded_year": null,
    "badge_url": "",
    "status": "active",
    "notes": "Fonte: LALIGA HYPERMOTION 2025-2026 consultada em 2026-04-13"
  }
},
{
  "model": "clubs.club",
  "pk": 290,
  "fields": {
    "created_at": "2026-04-13T15:54:32.267Z",
    "updated_at": "2026-04-13T15:54:32.275Z",
    "slug": "malaga",
    "country": 3,
    "division": 9,
    "official_name": "Malaga CF",
    "short_name": "Malaga",
    "state": "",
    "city": "Malaga",
    "founded_year": null,
    "badge_url": "",
    "status": "active",
    "notes": "Fonte: LALIGA HYPERMOTION 2025-2026 consultada em 2026-04-13"
  }
},
{
  "model": "clubs.club",
  "pk": 291,
  "fields": {
    "created_at": "2026-04-13T15:54:32.281Z",
    "updated_at": "2026-04-13T15:54:32.286Z",
    "slug": "mirandes",
    "country": 3,
    "division": 9,
    "official_name": "Mirandes",
    "short_name": "Mirandes",
    "state": "",
    "city": "Miranda de Ebro",
    "founded_year": null,
    "badge_url": "",
    "status": "active",
    "notes": "Fonte: LALIGA HYPERMOTION 2025-2026 consultada em 2026-04-13"
  }
},
{
  "model": "clubs.club",
  "pk": 292,
  "fields": {
    "created_at": "2026-04-13T15:54:32.293Z",
    "updated_at": "2026-04-13T15:54:32.299Z",
    "slug": "racing-ferrol",
    "country": 3,
    "division": 9,
    "official_name": "Racing Club Ferrol",
    "short_name": "Racing Ferrol",
    "state": "",
    "city": "Ferrol",
    "founded_year": null,
    "badge_url": "",
    "status": "active",
    "notes": "Fonte: LALIGA HYPERMOTION 2025-2026 consultada em 2026-04-13"
  }
},
{
  "model": "clubs.club",
  "pk": 293,
  "fields": {
    "created_at": "2026-04-13T15:54:32.305Z",
    "updated_at": "2026-04-13T15:54:32.312Z",
    "slug": "sporting-gijon",
    "country": 3,
    "division": 9,
    "official_name": "Real Sporting de Gijon",
    "short_name": "Sporting Gijon",
    "state": "",
    "city": "Gijon",
    "founded_year": null,
    "badge_url": "",
    "status": "active",
    "notes": "Fonte: LALIGA HYPERMOTION 2025-2026 consultada em 2026-04-13"
  }
},
{
  "model": "clubs.club",
  "pk": 294,
  "fields": {
    "created_at": "2026-04-13T15:54:32.318Z",
    "updated_at": "2026-04-13T15:54:32.324Z",
    "slug": "valladolid",
    "country": 3,
    "division": 9,
    "official_name": "Real Valladolid",
    "short_name": "Valladolid",
    "state": "",
    "city": "Valladolid",
    "founded_year": null,
    "badge_url": "",
    "status": "active",
    "notes": "Fonte: LALIGA HYPERMOTION 2025-2026 consultada em 2026-04-13"
  }
},
{
  "model": "clubs.club",
  "pk": 295,
  "fields": {
    "created_at": "2026-04-13T15:54:32.331Z",
    "updated_at": "2026-04-13T15:54:32.336Z",
    "slug": "zaragoza",
    "country": 3,
    "division": 9,
    "official_name": "Real Zaragoza",
    "short_name": "Zaragoza",
    "state": "",
    "city": "Zaragoza",
    "founded_year": null,
    "badge_url": "",
    "status": "active",
    "notes": "Fonte: LALIGA HYPERMOTION 2025-2026 consultada em 2026-04-13"
  }
},
{
  "model": "clubs.club",
  "pk": 296,
  "fields": {
    "created_at": "2026-04-13T15:54:32.342Z",
    "updated_at": "2026-04-13T15:54:32.347Z",
    "slug": "real-sociedad-b",
    "country": 3,
    "division": 9,
    "official_name": "Real Sociedad B",
    "short_name": "Real Sociedad B",
    "state": "",
    "city": "San Sebastian",
    "founded_year": null,
    "badge_url": "",
    "status": "active",
    "notes": "Fonte: LALIGA HYPERMOTION 2025-2026 consultada em 2026-04-13"
  }
},
{
  "model": "clubs.club",
  "pk": 297,
  "fields": {
    "created_at": "2026-04-13T15:54:32.352Z",
    "updated_at": "2026-04-13T15:54:32.359Z",
    "slug": "eibar",
    "country": 3,
    "division": 9,
    "official_name": "SD Eibar",
    "short_name": "Eibar",
    "state": "",
    "city": "Eibar",
    "founded_year": null,
    "badge_url": "",
    "status": "active",
    "notes": "Fonte: LALIGA HYPERMOTION 2025-2026 consultada em 2026-04-13"
  }
},
{
  "model": "clubs.club",
  "pk": 298,
  "fields": {
    "created_at": "2026-04-13T15:54:32.365Z",
    "updated_at": "2026-04-13T15:54:32.370Z",
    "slug": "las-palmas",
    "country": 3,
    "division": 9,
    "official_name": "UD Las Palmas",
    "short_name": "Las Palmas",
    "state": "",
    "city": "Las Palmas de Gran Canaria",
    "founded_year": null,
    "badge_url": "",
    "status": "active",
    "notes": "Fonte: LALIGA HYPERMOTION 2025-2026 consultada em 2026-04-13"
  }
},
{
  "model": "clubs.club",
  "pk": 299,
  "fields": {
    "created_at": "2026-04-13T15:54:32.377Z",
    "updated_at": "2026-04-13T15:54:32.382Z",
    "slug": "ibiza",
    "country": 3,
    "division": 9,
    "official_name": "UD Ibiza",
    "short_name": "Ibiza",
    "state": "",
    "city": "Ibiza",
    "founded_year": null,
    "badge_url": "",
    "status": "active",
    "notes": "Fonte: LALIGA HYPERMOTION 2025-2026 consultada em 2026-04-13"
  }
},
{
  "model": "clubs.club",
  "pk": 300,
  "fields": {
    "created_at": "2026-04-13T15:54:32.387Z",
    "updated_at": "2026-04-13T15:54:32.394Z",
    "slug": "avellino",
    "country": 4,
    "division": 10,
    "official_name": "Avellino",
    "short_name": "Avellino",
    "state": "",
    "city": "Avellino",
    "founded_year": null,
    "badge_url": "",
    "status": "active",
    "notes": "Fonte: Serie BKT 2025-2026 consultada em 2026-04-13"
  }
},
{
  "model": "clubs.club",
  "pk": 301,
  "fields": {
    "created_at": "2026-04-13T15:54:32.398Z",
    "updated_at": "2026-04-13T15:54:32.403Z",
    "slug": "bari",
    "country": 4,
    "division": 10,
    "official_name": "Bari",
    "short_name": "Bari",
    "state": "",
    "city": "Bari",
    "founded_year": null,
    "badge_url": "",
    "status": "active",
    "notes": "Fonte: Serie BKT 2025-2026 consultada em 2026-04-13"
  }
},
{
  "model": "clubs.club",
  "pk": 302,
  "fields": {
    "created_at": "2026-04-13T15:54:32.412Z",
    "updated_at": "2026-04-13T15:54:32.418Z",
    "slug": "carrarese",
    "country": 4,
    "division": 10,
    "official_name": "Carrarese",
    "short_name": "Carrarese",
    "state": "",
    "city": "Carrara",
    "founded_year": null,
    "badge_url": "",
    "status": "active",
    "notes": "Fonte: Serie BKT 2025-2026 consultada em 2026-04-13"
  }
},
{
  "model": "clubs.club",
  "pk": 303,
  "fields": {
    "created_at": "2026-04-13T15:54:32.424Z",
    "updated_at": "2026-04-13T15:54:32.429Z",
    "slug": "catanzaro",
    "country": 4,
    "division": 10,
    "official_name": "Catanzaro",
    "short_name": "Catanzaro",
    "state": "",
    "city": "Catanzaro",
    "founded_year": null,
    "badge_url": "",
    "status": "active",
    "notes": "Fonte: Serie BKT 2025-2026 consultada em 2026-04-13"
  }
},
{
  "model": "clubs.club",
  "pk": 304,
  "fields": {
    "created_at": "2026-04-13T15:54:32.434Z",
    "updated_at": "2026-04-13T15:54:32.439Z",
    "slug": "cesena",
    "country": 4,
    "division": 10,
    "official_name": "Cesena",
    "short_name": "Cesena",
    "state": "",
    "city": "Cesena",
    "founded_year": null,
    "badge_url": "",
    "status": "active",
    "notes": "Fonte: Serie BKT 2025-2026 consultada em 2026-04-13"
  }
},
{
  "model": "clubs.club",
  "pk": 305,
  "fields": {
    "created_at": "2026-04-13T15:54:32.446Z",
    "updated_at": "2026-04-13T15:54:32.452Z",
    "slug": "empoli",
    "country": 4,
    "division": 10,
    "official_name": "Empoli",
    "short_name": "Empoli",
    "state": "",
    "city": "Empoli",
    "founded_year": null,
    "badge_url": "",
    "status": "active",
    "notes": "Fonte: Serie BKT 2025-2026 consultada em 2026-04-13"
  }
},
{
  "model": "clubs.club",
  "pk": 306,
  "fields": {
    "created_at": "2026-04-13T15:54:32.461Z",
    "updated_at": "2026-04-13T15:54:32.466Z",
    "slug": "frosinone",
    "country": 4,
    "division": 10,
    "official_name": "Frosinone",
    "short_name": "Frosinone",
    "state": "",
    "city": "Frosinone",
    "founded_year": null,
    "badge_url": "",
    "status": "active",
    "notes": "Fonte: Serie BKT 2025-2026 consultada em 2026-04-13"
  }
},
{
  "model": "clubs.club",
  "pk": 307,
  "fields": {
    "created_at": "2026-04-13T15:54:32.471Z",
    "updated_at": "2026-04-13T15:54:32.476Z",
    "slug": "juve-stabia",
    "country": 4,
    "division": 10,
    "official_name": "Juve Stabia",
    "short_name": "Juve Stabia",
    "state": "",
    "city": "Castellammare di Stabia",
    "founded_year": null,
    "badge_url": "",
    "status": "active",
    "notes": "Fonte: Serie BKT 2025-2026 consultada em 2026-04-13"
  }
},
{
  "model": "clubs.club",
  "pk": 308,
  "fields": {
    "created_at": "2026-04-13T15:54:32.482Z",
    "updated_at": "2026-04-13T15:54:32.488Z",
    "slug": "mantova",
    "country": 4,
    "division": 10,
    "official_name": "Mantova",
    "short_name": "Mantova",
    "state": "",
    "city": "Mantua",
    "founded_year": null,
    "badge_url": "",
    "status": "active",
    "notes": "Fonte: Serie BKT 2025-2026 consultada em 2026-04-13"
  }
},
{
  "model": "clubs.club",
  "pk": 309,
  "fields": {
    "created_at": "2026-04-13T15:54:32.495Z",
    "updated_at": "2026-04-13T15:54:32.500Z",
    "slug": "modena",
    "country": 4,
    "division": 10,
    "official_name": "Modena",
    "short_name": "Modena",
    "state": "",
    "city": "Modena",
    "founded_year": null,
    "badge_url": "",
    "status": "active",
    "notes": "Fonte: Serie BKT 2025-2026 consultada em 2026-04-13"
  }
},
{
  "model": "clubs.club",
  "pk": 310,
  "fields": {
    "created_at": "2026-04-13T15:54:32.507Z",
    "updated_at": "2026-04-13T15:54:32.512Z",
    "slug": "monza",
    "country": 4,
    "division": 10,
    "official_name": "Monza",
    "short_name": "Monza",
    "state": "",
    "city": "Monza",
    "founded_year": null,
    "badge_url": "",
    "status": "active",
    "notes": "Fonte: Serie BKT 2025-2026 consultada em 2026-04-13"
  }
},
{
  "model": "clubs.club",
  "pk": 311,
  "fields": {
    "created_at": "2026-04-13T15:54:32.518Z",
    "updated_at": "2026-04-13T15:54:32.523Z",
    "slug": "padova",
    "country": 4,
    "division": 10,
    "official_name": "Padova",
    "short_name": "Padova",
    "state": "",
    "city": "Padua",
    "founded_year": null,
    "badge_url": "",
    "status": "active",
    "notes": "Fonte: Serie BKT 2025-2026 consultada em 2026-04-13"
  }
},
{
  "model": "clubs.club",
  "pk": 312,
  "fields": {
    "created_at": "2026-04-13T15:54:32.530Z",
    "updated_at": "2026-04-13T15:54:32.535Z",
    "slug": "palermo",
    "country": 4,
    "division": 10,
    "official_name": "Palermo",
    "short_name": "Palermo",
    "state": "",
    "city": "Palermo",
    "founded_year": null,
    "badge_url": "",
    "status": "active",
    "notes": "Fonte: Serie BKT 2025-2026 consultada em 2026-04-13"
  }
},
{
  "model": "clubs.club",
  "pk": 313,
  "fields": {
    "created_at": "2026-04-13T15:54:32.541Z",
    "updated_at": "2026-04-13T15:54:32.546Z",
    "slug": "pescara",
    "country": 4,
    "division": 10,
    "official_name": "Pescara",
    "short_name": "Pescara",
    "state": "",
    "city": "Pescara",
    "founded_year": null,
    "badge_url": "",
    "status": "active",
    "notes": "Fonte: Serie BKT 2025-2026 consultada em 2026-04-13"
  }
},
{
  "model": "clubs.club",
  "pk": 314,
  "fields": {
    "created_at": "2026-04-13T15:54:32.553Z",
    "updated_at": "2026-04-13T15:54:32.560Z",
    "slug": "reggiana",
    "country": 4,
    "division": 10,
    "official_name": "Reggiana",
    "short_name": "Reggiana",
    "state": "",
    "city": "Reggio Emilia",
    "founded_year": null,
    "badge_url": "",
    "status": "active",
    "notes": "Fonte: Serie BKT 2025-2026 consultada em 2026-04-13"
  }
},
{
  "model": "clubs.club",
  "pk": 315,
  "fields": {
    "created_at": "2026-04-13T15:54:32.566Z",
    "updated_at": "2026-04-13T15:54:32.570Z",
    "slug": "sampdoria",
    "country": 4,
    "division": 10,
    "official_name": "Sampdoria",
    "short_name": "Sampdoria",
    "state": "",
    "city": "Genoa",
    "founded_year": null,
    "badge_url": "",
    "status": "active",
    "notes": "Fonte: Serie BKT 2025-2026 consultada em 2026-04-13"
  }
},
{
  "model": "clubs.club",
  "pk": 316,
  "fields": {
    "created_at": "2026-04-13T15:54:32.576Z",
    "updated_at": "2026-04-13T15:54:32.581Z",
    "slug": "spezia",
    "country": 4,
    "division": 10,
    "official_name": "Spezia",
    "short_name": "Spezia",
    "state": "",
    "city": "La Spezia",
    "founded_year": null,
    "badge_url": "",
    "status": "active",
    "notes": "Fonte: Serie BKT 2025-2026 consultada em 2026-04-13"
  }
},
{
  "model": "clubs.club",
  "pk": 317,
  "fields": {
    "created_at": "2026-04-13T15:54:32.586Z",
    "updated_at": "2026-04-13T15:54:32.597Z",
    "slug": "sudtirol",
    "country": 4,
    "division": 10,
    "official_name": "Sudtirol",
    "short_name": "Sudtirol",
    "state": "",
    "city": "Bolzano",
    "founded_year": null,
    "badge_url": "",
    "status": "active",
    "notes": "Fonte: Serie BKT 2025-2026 consultada em 2026-04-13"
  }
},
{
  "model": "clubs.club",
  "pk": 318,
  "fields": {
    "created_at": "2026-04-13T15:54:32.602Z",
    "updated_at": "2026-04-13T15:54:32.608Z",
    "slug": "venezia",
    "country": 4,
    "division": 10,
    "official_name": "Venezia",
    "short_name": "Venezia",
    "state": "",
    "city": "Venice",
    "founded_year": null,
    "badge_url": "",
    "status": "active",
    "notes": "Fonte: Serie BKT 2025-2026 consultada em 2026-04-13"
  }
},
{
  "model": "clubs.club",
  "pk": 319,
  "fields": {
    "created_at": "2026-04-13T15:54:32.613Z",
    "updated_at": "2026-04-13T15:54:32.619Z",
    "slug": "virtus-entella",
    "country": 4,
    "division": 10,
    "official_name": "Virtus Entella",
    "short_name": "Virtus Entella",
    "state": "",
    "city": "Chiavari",
    "founded_year": null,
    "badge_url": "",
    "status": "active",
    "notes": "Fonte: Serie BKT 2025-2026 consultada em 2026-04-13"
  }
},
{
  "model": "clubs.club",
  "pk": 320,
  "fields": {
    "created_at": "2026-04-13T16:31:18.254Z",
    "updated_at": "2026-04-13T16:31:18.263Z",
    "slug": "angers",
    "country": 5,
    "division": 11,
    "official_name": "SCO Angers",
    "short_name": "Angers",
    "state": "",
    "city": "",
    "founded_year": null,
    "badge_url": "",
    "status": "active",
    "notes": "Fonte oficial Ligue 1/Ligue 2 consultada em 2026-04-13"
  }
},
{
  "model": "clubs.club",
  "pk": 321,
  "fields": {
    "created_at": "2026-04-13T16:31:18.271Z",
    "updated_at": "2026-04-13T16:31:18.278Z",
    "slug": "auxerre",
    "country": 5,
    "division": 11,
    "official_name": "AJ Auxerre",
    "short_name": "Auxerre",
    "state": "",
    "city": "",
    "founded_year": null,
    "badge_url": "",
    "status": "active",
    "notes": "Fonte oficial Ligue 1/Ligue 2 consultada em 2026-04-13"
  }
},
{
  "model": "clubs.club",
  "pk": 322,
  "fields": {
    "created_at": "2026-04-13T16:31:18.287Z",
    "updated_at": "2026-04-13T16:31:18.294Z",
    "slug": "monaco",
    "country": 5,
    "division": 11,
    "official_name": "AS Monaco",
    "short_name": "Monaco",
    "state": "",
    "city": "",
    "founded_year": null,
    "badge_url": "",
    "status": "active",
    "notes": "Fonte oficial Ligue 1/Ligue 2 consultada em 2026-04-13"
  }
},
{
  "model": "clubs.club",
  "pk": 323,
  "fields": {
    "created_at": "2026-04-13T16:31:18.302Z",
    "updated_at": "2026-04-13T16:31:18.309Z",
    "slug": "brest",
    "country": 5,
    "division": 11,
    "official_name": "Stade Brestois",
    "short_name": "Brest",
    "state": "",
    "city": "",
    "founded_year": null,
    "badge_url": "",
    "status": "active",
    "notes": "Fonte oficial Ligue 1/Ligue 2 consultada em 2026-04-13"
  }
},
{
  "model": "clubs.club",
  "pk": 324,
  "fields": {
    "created_at": "2026-04-13T16:31:18.316Z",
    "updated_at": "2026-04-13T16:31:18.325Z",
    "slug": "lorient",
    "country": 5,
    "division": 11,
    "official_name": "FC Lorient",
    "short_name": "Lorient",
    "state": "",
    "city": "",
    "founded_year": null,
    "badge_url": "",
    "status": "active",
    "notes": "Fonte oficial Ligue 1/Ligue 2 consultada em 2026-04-13"
  }
},
{
  "model": "clubs.club",
  "pk": 325,
  "fields": {
    "created_at": "2026-04-13T16:31:18.333Z",
    "updated_at": "2026-04-13T16:31:18.341Z",
    "slug": "metz",
    "country": 5,
    "division": 11,
    "official_name": "FC Metz",
    "short_name": "Metz",
    "state": "",
    "city": "",
    "founded_year": null,
    "badge_url": "",
    "status": "active",
    "notes": "Fonte oficial Ligue 1/Ligue 2 consultada em 2026-04-13"
  }
},
{
  "model": "clubs.club",
  "pk": 326,
  "fields": {
    "created_at": "2026-04-13T16:31:18.349Z",
    "updated_at": "2026-04-13T16:31:18.355Z",
    "slug": "nantes",
    "country": 5,
    "division": 11,
    "official_name": "FC Nantes",
    "short_name": "Nantes",
    "state": "",
    "city": "",
    "founded_year": null,
    "badge_url": "",
    "status": "active",
    "notes": "Fonte oficial Ligue 1/Ligue 2 consultada em 2026-04-13"
  }
},
{
  "model": "clubs.club",
  "pk": 327,
  "fields": {
    "created_at": "2026-04-13T16:31:18.361Z",
    "updated_at": "2026-04-13T16:31:18.367Z",
    "slug": "le-havre",
    "country": 5,
    "division": 11,
    "official_name": "Havre AC",
    "short_name": "Le Havre",
    "state": "",
    "city": "",
    "founded_year": null,
    "badge_url": "",
    "status": "active",
    "notes": "Fonte oficial Ligue 1/Ligue 2 consultada em 2026-04-13"
  }
},
{
  "model": "clubs.club",
  "pk": 328,
  "fields": {
    "created_at": "2026-04-13T16:31:18.373Z",
    "updated_at": "2026-04-13T16:31:18.382Z",
    "slug": "lille",
    "country": 5,
    "division": 11,
    "official_name": "LOSC Lille",
    "short_name": "Lille",
    "state": "",
    "city": "",
    "founded_year": null,
    "badge_url": "",
    "status": "active",
    "notes": "Fonte oficial Ligue 1/Ligue 2 consultada em 2026-04-13"
  }
},
{
  "model": "clubs.club",
  "pk": 329,
  "fields": {
    "created_at": "2026-04-13T16:31:18.390Z",
    "updated_at": "2026-04-13T16:31:18.396Z",
    "slug": "nice",
    "country": 5,
    "division": 11,
    "official_name": "OGC Nice",
    "short_name": "Nice",
    "state": "",
    "city": "",
    "founded_year": null,
    "badge_url": "",
    "status": "active",
    "notes": "Fonte oficial Ligue 1/Ligue 2 consultada em 2026-04-13"
  }
},
{
  "model": "clubs.club",
  "pk": 330,
  "fields": {
    "created_at": "2026-04-13T16:31:18.403Z",
    "updated_at": "2026-04-13T16:31:18.409Z",
    "slug": "lyon",
    "country": 5,
    "division": 11,
    "official_name": "Olympique Lyonnais",
    "short_name": "Lyon",
    "state": "",
    "city": "",
    "founded_year": null,
    "badge_url": "",
    "status": "active",
    "notes": "Fonte oficial Ligue 1/Ligue 2 consultada em 2026-04-13"
  }
},
{
  "model": "clubs.club",
  "pk": 331,
  "fields": {
    "created_at": "2026-04-13T16:31:18.415Z",
    "updated_at": "2026-04-13T16:31:18.422Z",
    "slug": "marseille",
    "country": 5,
    "division": 11,
    "official_name": "Olympique de Marseille",
    "short_name": "Marseille",
    "state": "",
    "city": "",
    "founded_year": null,
    "badge_url": "",
    "status": "active",
    "notes": "Fonte oficial Ligue 1/Ligue 2 consultada em 2026-04-13"
  }
},
{
  "model": "clubs.club",
  "pk": 332,
  "fields": {
    "created_at": "2026-04-13T16:31:18.431Z",
    "updated_at": "2026-04-13T16:31:18.438Z",
    "slug": "paris-fc",
    "country": 5,
    "division": 11,
    "official_name": "Paris FC",
    "short_name": "Paris FC",
    "state": "",
    "city": "",
    "founded_year": null,
    "badge_url": "",
    "status": "active",
    "notes": "Fonte oficial Ligue 1/Ligue 2 consultada em 2026-04-13"
  }
},
{
  "model": "clubs.club",
  "pk": 333,
  "fields": {
    "created_at": "2026-04-13T16:31:18.444Z",
    "updated_at": "2026-04-13T16:31:18.449Z",
    "slug": "psg",
    "country": 5,
    "division": 11,
    "official_name": "Paris Saint-Germain",
    "short_name": "PSG",
    "state": "",
    "city": "",
    "founded_year": null,
    "badge_url": "",
    "status": "active",
    "notes": "Fonte oficial Ligue 1/Ligue 2 consultada em 2026-04-13"
  }
},
{
  "model": "clubs.club",
  "pk": 334,
  "fields": {
    "created_at": "2026-04-13T16:31:18.456Z",
    "updated_at": "2026-04-13T16:31:18.462Z",
    "slug": "lens",
    "country": 5,
    "division": 11,
    "official_name": "RC Lens",
    "short_name": "Lens",
    "state": "",
    "city": "",
    "founded_year": null,
    "badge_url": "",
    "status": "active",
    "notes": "Fonte oficial Ligue 1/Ligue 2 consultada em 2026-04-13"
  }
},
{
  "model": "clubs.club",
  "pk": 335,
  "fields": {
    "created_at": "2026-04-13T16:31:18.469Z",
    "updated_at": "2026-04-13T16:31:18.475Z",
    "slug": "rennes",
    "country": 5,
    "division": 11,
    "official_name": "Stade Rennais",
    "short_name": "Rennes",
    "state": "",
    "city": "",
    "founded_year": null,
    "badge_url": "",
    "status": "active",
    "notes": "Fonte oficial Ligue 1/Ligue 2 consultada em 2026-04-13"
  }
},
{
  "model": "clubs.club",
  "pk": 336,
  "fields": {
    "created_at": "2026-04-13T16:31:18.481Z",
    "updated_at": "2026-04-13T16:31:18.490Z",
    "slug": "strasbourg",
    "country": 5,
    "division": 11,
    "official_name": "RC Strasbourg",
    "short_name": "Strasbourg",
    "state": "",
    "city": "",
    "founded_year": null,
    "badge_url": "",
    "status": "active",
    "notes": "Fonte oficial Ligue 1/Ligue 2 consultada em 2026-04-13"
  }
},
{
  "model": "clubs.club",
  "pk": 337,
  "fields": {
    "created_at": "2026-04-13T16:31:18.497Z",
    "updated_at": "2026-04-13T16:31:18.503Z",
    "slug": "toulouse",
    "country": 5,
    "division": 11,
    "official_name": "Toulouse FC",
    "short_name": "Toulouse",
    "state": "",
    "city": "",
    "founded_year": null,
    "badge_url": "",
    "status": "active",
    "notes": "Fonte oficial Ligue 1/Ligue 2 consultada em 2026-04-13"
  }
},
{
  "model": "clubs.club",
  "pk": 338,
  "fields": {
    "created_at": "2026-04-13T16:31:18.509Z",
    "updated_at": "2026-04-13T16:31:18.514Z",
    "slug": "bayern-munich",
    "country": 6,
    "division": 13,
    "official_name": "FC Bayern Munchen",
    "short_name": "Bayern Munich",
    "state": "",
    "city": "",
    "founded_year": null,
    "badge_url": "",
    "status": "active",
    "notes": "Fonte oficial Bundesliga consultada em 2026-04-13"
  }
},
{
  "model": "clubs.club",
  "pk": 339,
  "fields": {
    "created_at": "2026-04-13T16:31:18.522Z",
    "updated_at": "2026-04-13T16:31:18.528Z",
    "slug": "leverkusen",
    "country": 6,
    "division": 13,
    "official_name": "Bayer 04 Leverkusen",
    "short_name": "Leverkusen",
    "state": "",
    "city": "",
    "founded_year": null,
    "badge_url": "",
    "status": "active",
    "notes": "Fonte oficial Bundesliga consultada em 2026-04-13"
  }
},
{
  "model": "clubs.club",
  "pk": 340,
  "fields": {
    "created_at": "2026-04-13T16:31:18.536Z",
    "updated_at": "2026-04-13T16:31:18.542Z",
    "slug": "eintracht-frankfurt",
    "country": 6,
    "division": 13,
    "official_name": "Eintracht Frankfurt",
    "short_name": "Eintracht Frankfurt",
    "state": "",
    "city": "",
    "founded_year": null,
    "badge_url": "",
    "status": "active",
    "notes": "Fonte oficial Bundesliga consultada em 2026-04-13"
  }
},
{
  "model": "clubs.club",
  "pk": 341,
  "fields": {
    "created_at": "2026-04-13T16:31:18.549Z",
    "updated_at": "2026-04-13T16:31:18.556Z",
    "slug": "dortmund",
    "country": 6,
    "division": 13,
    "official_name": "Borussia Dortmund",
    "short_name": "Dortmund",
    "state": "",
    "city": "",
    "founded_year": null,
    "badge_url": "",
    "status": "active",
    "notes": "Fonte oficial Bundesliga consultada em 2026-04-13"
  }
},
{
  "model": "clubs.club",
  "pk": 342,
  "fields": {
    "created_at": "2026-04-13T16:31:18.562Z",
    "updated_at": "2026-04-13T16:31:18.568Z",
    "slug": "hoffenheim",
    "country": 6,
    "division": 13,
    "official_name": "TSG Hoffenheim",
    "short_name": "Hoffenheim",
    "state": "",
    "city": "",
    "founded_year": null,
    "badge_url": "",
    "status": "active",
    "notes": "Fonte oficial Bundesliga consultada em 2026-04-13"
  }
},
{
  "model": "clubs.club",
  "pk": 343,
  "fields": {
    "created_at": "2026-04-13T16:31:18.576Z",
    "updated_at": "2026-04-13T16:31:18.582Z",
    "slug": "rb-leipzig",
    "country": 6,
    "division": 13,
    "official_name": "RB Leipzig",
    "short_name": "RB Leipzig",
    "state": "",
    "city": "",
    "founded_year": null,
    "badge_url": "",
    "status": "active",
    "notes": "Fonte oficial Bundesliga consultada em 2026-04-13"
  }
},
{
  "model": "clubs.club",
  "pk": 344,
  "fields": {
    "created_at": "2026-04-13T16:31:18.590Z",
    "updated_at": "2026-04-13T16:31:18.596Z",
    "slug": "stuttgart",
    "country": 6,
    "division": 13,
    "official_name": "VfB Stuttgart",
    "short_name": "Stuttgart",
    "state": "",
    "city": "",
    "founded_year": null,
    "badge_url": "",
    "status": "active",
    "notes": "Fonte oficial Bundesliga consultada em 2026-04-13"
  }
},
{
  "model": "clubs.club",
  "pk": 345,
  "fields": {
    "created_at": "2026-04-13T16:31:18.602Z",
    "updated_at": "2026-04-13T16:31:18.609Z",
    "slug": "werder-bremen",
    "country": 6,
    "division": 13,
    "official_name": "SV Werder Bremen",
    "short_name": "Werder Bremen",
    "state": "",
    "city": "",
    "founded_year": null,
    "badge_url": "",
    "status": "active",
    "notes": "Fonte oficial Bundesliga consultada em 2026-04-13"
  }
},
{
  "model": "clubs.club",
  "pk": 346,
  "fields": {
    "created_at": "2026-04-13T16:31:18.616Z",
    "updated_at": "2026-04-13T16:31:18.625Z",
    "slug": "freiburg",
    "country": 6,
    "division": 13,
    "official_name": "Sport-Club Freiburg",
    "short_name": "Freiburg",
    "state": "",
    "city": "",
    "founded_year": null,
    "badge_url": "",
    "status": "active",
    "notes": "Fonte oficial Bundesliga consultada em 2026-04-13"
  }
},
{
  "model": "clubs.club",
  "pk": 347,
  "fields": {
    "created_at": "2026-04-13T16:31:18.632Z",
    "updated_at": "2026-04-13T16:31:18.638Z",
    "slug": "hamburg",
    "country": 6,
    "division": 13,
    "official_name": "Hamburger SV",
    "short_name": "Hamburg",
    "state": "",
    "city": "",
    "founded_year": null,
    "badge_url": "",
    "status": "active",
    "notes": "Fonte oficial Bundesliga consultada em 2026-04-13"
  }
},
{
  "model": "clubs.club",
  "pk": 348,
  "fields": {
    "created_at": "2026-04-13T16:31:18.645Z",
    "updated_at": "2026-04-13T16:31:18.650Z",
    "slug": "koln",
    "country": 6,
    "division": 13,
    "official_name": "1. FC Koln",
    "short_name": "Koln",
    "state": "",
    "city": "",
    "founded_year": null,
    "badge_url": "",
    "status": "active",
    "notes": "Fonte oficial Bundesliga consultada em 2026-04-13"
  }
},
{
  "model": "clubs.club",
  "pk": 349,
  "fields": {
    "created_at": "2026-04-13T16:31:18.657Z",
    "updated_at": "2026-04-13T16:31:18.662Z",
    "slug": "monchengladbach",
    "country": 6,
    "division": 13,
    "official_name": "Borussia Monchengladbach",
    "short_name": "Monchengladbach",
    "state": "",
    "city": "",
    "founded_year": null,
    "badge_url": "",
    "status": "active",
    "notes": "Fonte oficial Bundesliga consultada em 2026-04-13"
  }
},
{
  "model": "clubs.club",
  "pk": 350,
  "fields": {
    "created_at": "2026-04-13T16:31:18.666Z",
    "updated_at": "2026-04-13T16:31:18.672Z",
    "slug": "wolfsburg",
    "country": 6,
    "division": 13,
    "official_name": "VfL Wolfsburg",
    "short_name": "Wolfsburg",
    "state": "",
    "city": "",
    "founded_year": null,
    "badge_url": "",
    "status": "active",
    "notes": "Fonte oficial Bundesliga consultada em 2026-04-13"
  }
},
{
  "model": "clubs.club",
  "pk": 351,
  "fields": {
    "created_at": "2026-04-13T16:31:18.679Z",
    "updated_at": "2026-04-13T16:31:18.684Z",
    "slug": "augsburg",
    "country": 6,
    "division": 13,
    "official_name": "FC Augsburg",
    "short_name": "Augsburg",
    "state": "",
    "city": "",
    "founded_year": null,
    "badge_url": "",
    "status": "active",
    "notes": "Fonte oficial Bundesliga consultada em 2026-04-13"
  }
},
{
  "model": "clubs.club",
  "pk": 352,
  "fields": {
    "created_at": "2026-04-13T16:31:18.690Z",
    "updated_at": "2026-04-13T16:31:18.696Z",
    "slug": "mainz-05",
    "country": 6,
    "division": 13,
    "official_name": "1. FSV Mainz 05",
    "short_name": "Mainz 05",
    "state": "",
    "city": "",
    "founded_year": null,
    "badge_url": "",
    "status": "active",
    "notes": "Fonte oficial Bundesliga consultada em 2026-04-13"
  }
},
{
  "model": "clubs.club",
  "pk": 353,
  "fields": {
    "created_at": "2026-04-13T16:31:18.702Z",
    "updated_at": "2026-04-13T16:31:18.708Z",
    "slug": "heidenheim",
    "country": 6,
    "division": 13,
    "official_name": "1. FC Heidenheim 1846",
    "short_name": "Heidenheim",
    "state": "",
    "city": "",
    "founded_year": null,
    "badge_url": "",
    "status": "active",
    "notes": "Fonte oficial Bundesliga consultada em 2026-04-13"
  }
},
{
  "model": "clubs.club",
  "pk": 354,
  "fields": {
    "created_at": "2026-04-13T16:31:18.714Z",
    "updated_at": "2026-04-13T16:31:18.722Z",
    "slug": "st-pauli",
    "country": 6,
    "division": 13,
    "official_name": "FC St. Pauli",
    "short_name": "St. Pauli",
    "state": "",
    "city": "",
    "founded_year": null,
    "badge_url": "",
    "status": "active",
    "notes": "Fonte oficial Bundesliga consultada em 2026-04-13"
  }
},
{
  "model": "clubs.club",
  "pk": 355,
  "fields": {
    "created_at": "2026-04-13T16:31:18.728Z",
    "updated_at": "2026-04-13T16:31:18.734Z",
    "slug": "union-berlin",
    "country": 6,
    "division": 13,
    "official_name": "1. FC Union Berlin",
    "short_name": "Union Berlin",
    "state": "",
    "city": "",
    "founded_year": null,
    "badge_url": "",
    "status": "active",
    "notes": "Fonte oficial Bundesliga consultada em 2026-04-13"
  }
},
{
  "model": "clubs.club",
  "pk": 356,
  "fields": {
    "created_at": "2026-04-13T16:31:18.740Z",
    "updated_at": "2026-04-13T16:31:18.745Z",
    "slug": "bournemouth",
    "country": 7,
    "division": 15,
    "official_name": "AFC Bournemouth",
    "short_name": "Bournemouth",
    "state": "",
    "city": "",
    "founded_year": null,
    "badge_url": "",
    "status": "active",
    "notes": "Fonte oficial Premier League consultada em 2026-04-13"
  }
},
{
  "model": "clubs.club",
  "pk": 357,
  "fields": {
    "created_at": "2026-04-13T16:31:18.750Z",
    "updated_at": "2026-04-13T16:31:18.755Z",
    "slug": "arsenal",
    "country": 7,
    "division": 15,
    "official_name": "Arsenal",
    "short_name": "Arsenal",
    "state": "",
    "city": "",
    "founded_year": null,
    "badge_url": "",
    "status": "active",
    "notes": "Fonte oficial Premier League consultada em 2026-04-13"
  }
},
{
  "model": "clubs.club",
  "pk": 358,
  "fields": {
    "created_at": "2026-04-13T16:31:18.762Z",
    "updated_at": "2026-04-13T16:31:18.770Z",
    "slug": "aston-villa",
    "country": 7,
    "division": 15,
    "official_name": "Aston Villa",
    "short_name": "Aston Villa",
    "state": "",
    "city": "",
    "founded_year": null,
    "badge_url": "",
    "status": "active",
    "notes": "Fonte oficial Premier League consultada em 2026-04-13"
  }
},
{
  "model": "clubs.club",
  "pk": 359,
  "fields": {
    "created_at": "2026-04-13T16:31:18.776Z",
    "updated_at": "2026-04-13T16:31:18.780Z",
    "slug": "brentford",
    "country": 7,
    "division": 15,
    "official_name": "Brentford",
    "short_name": "Brentford",
    "state": "",
    "city": "",
    "founded_year": null,
    "badge_url": "",
    "status": "active",
    "notes": "Fonte oficial Premier League consultada em 2026-04-13"
  }
},
{
  "model": "clubs.club",
  "pk": 360,
  "fields": {
    "created_at": "2026-04-13T16:31:18.786Z",
    "updated_at": "2026-04-13T16:31:18.791Z",
    "slug": "brighton",
    "country": 7,
    "division": 15,
    "official_name": "Brighton & Hove Albion",
    "short_name": "Brighton",
    "state": "",
    "city": "",
    "founded_year": null,
    "badge_url": "",
    "status": "active",
    "notes": "Fonte oficial Premier League consultada em 2026-04-13"
  }
},
{
  "model": "clubs.club",
  "pk": 361,
  "fields": {
    "created_at": "2026-04-13T16:31:18.797Z",
    "updated_at": "2026-04-13T16:31:18.804Z",
    "slug": "burnley",
    "country": 7,
    "division": 15,
    "official_name": "Burnley",
    "short_name": "Burnley",
    "state": "",
    "city": "",
    "founded_year": null,
    "badge_url": "",
    "status": "active",
    "notes": "Fonte oficial Premier League consultada em 2026-04-13"
  }
},
{
  "model": "clubs.club",
  "pk": 362,
  "fields": {
    "created_at": "2026-04-13T16:31:18.811Z",
    "updated_at": "2026-04-13T16:31:18.818Z",
    "slug": "chelsea",
    "country": 7,
    "division": 15,
    "official_name": "Chelsea",
    "short_name": "Chelsea",
    "state": "",
    "city": "",
    "founded_year": null,
    "badge_url": "",
    "status": "active",
    "notes": "Fonte oficial Premier League consultada em 2026-04-13"
  }
},
{
  "model": "clubs.club",
  "pk": 363,
  "fields": {
    "created_at": "2026-04-13T16:31:18.825Z",
    "updated_at": "2026-04-13T16:31:18.830Z",
    "slug": "crystal-palace",
    "country": 7,
    "division": 15,
    "official_name": "Crystal Palace",
    "short_name": "Crystal Palace",
    "state": "",
    "city": "",
    "founded_year": null,
    "badge_url": "",
    "status": "active",
    "notes": "Fonte oficial Premier League consultada em 2026-04-13"
  }
},
{
  "model": "clubs.club",
  "pk": 364,
  "fields": {
    "created_at": "2026-04-13T16:31:18.836Z",
    "updated_at": "2026-04-13T16:31:18.844Z",
    "slug": "everton",
    "country": 7,
    "division": 15,
    "official_name": "Everton",
    "short_name": "Everton",
    "state": "",
    "city": "",
    "founded_year": null,
    "badge_url": "",
    "status": "active",
    "notes": "Fonte oficial Premier League consultada em 2026-04-13"
  }
},
{
  "model": "clubs.club",
  "pk": 365,
  "fields": {
    "created_at": "2026-04-13T16:31:18.849Z",
    "updated_at": "2026-04-13T16:31:18.856Z",
    "slug": "fulham",
    "country": 7,
    "division": 15,
    "official_name": "Fulham",
    "short_name": "Fulham",
    "state": "",
    "city": "",
    "founded_year": null,
    "badge_url": "",
    "status": "active",
    "notes": "Fonte oficial Premier League consultada em 2026-04-13"
  }
},
{
  "model": "clubs.club",
  "pk": 366,
  "fields": {
    "created_at": "2026-04-13T16:31:18.861Z",
    "updated_at": "2026-04-13T16:31:18.866Z",
    "slug": "leeds-united",
    "country": 7,
    "division": 15,
    "official_name": "Leeds United",
    "short_name": "Leeds United",
    "state": "",
    "city": "",
    "founded_year": null,
    "badge_url": "",
    "status": "active",
    "notes": "Fonte oficial Premier League consultada em 2026-04-13"
  }
},
{
  "model": "clubs.club",
  "pk": 367,
  "fields": {
    "created_at": "2026-04-13T16:31:18.873Z",
    "updated_at": "2026-04-13T16:31:18.879Z",
    "slug": "liverpool",
    "country": 7,
    "division": 15,
    "official_name": "Liverpool",
    "short_name": "Liverpool",
    "state": "",
    "city": "",
    "founded_year": null,
    "badge_url": "",
    "status": "active",
    "notes": "Fonte oficial Premier League consultada em 2026-04-13"
  }
},
{
  "model": "clubs.club",
  "pk": 368,
  "fields": {
    "created_at": "2026-04-13T16:31:18.884Z",
    "updated_at": "2026-04-13T16:31:18.890Z",
    "slug": "manchester-city",
    "country": 7,
    "division": 15,
    "official_name": "Manchester City",
    "short_name": "Manchester City",
    "state": "",
    "city": "",
    "founded_year": null,
    "badge_url": "",
    "status": "active",
    "notes": "Fonte oficial Premier League consultada em 2026-04-13"
  }
},
{
  "model": "clubs.club",
  "pk": 369,
  "fields": {
    "created_at": "2026-04-13T16:31:18.895Z",
    "updated_at": "2026-04-13T16:31:18.900Z",
    "slug": "manchester-united",
    "country": 7,
    "division": 15,
    "official_name": "Manchester United",
    "short_name": "Manchester United",
    "state": "",
    "city": "",
    "founded_year": null,
    "badge_url": "",
    "status": "active",
    "notes": "Fonte oficial Premier League consultada em 2026-04-13"
  }
},
{
  "model": "clubs.club",
  "pk": 370,
  "fields": {
    "created_at": "2026-04-13T16:31:18.907Z",
    "updated_at": "2026-04-13T16:31:18.912Z",
    "slug": "newcastle-united",
    "country": 7,
    "division": 15,
    "official_name": "Newcastle United",
    "short_name": "Newcastle United",
    "state": "",
    "city": "",
    "founded_year": null,
    "badge_url": "",
    "status": "active",
    "notes": "Fonte oficial Premier League consultada em 2026-04-13"
  }
},
{
  "model": "clubs.club",
  "pk": 371,
  "fields": {
    "created_at": "2026-04-13T16:31:18.920Z",
    "updated_at": "2026-04-13T16:31:18.926Z",
    "slug": "nottingham-forest",
    "country": 7,
    "division": 15,
    "official_name": "Nottingham Forest",
    "short_name": "Nottingham Forest",
    "state": "",
    "city": "",
    "founded_year": null,
    "badge_url": "",
    "status": "active",
    "notes": "Fonte oficial Premier League consultada em 2026-04-13"
  }
},
{
  "model": "clubs.club",
  "pk": 372,
  "fields": {
    "created_at": "2026-04-13T16:31:18.930Z",
    "updated_at": "2026-04-13T16:31:18.936Z",
    "slug": "sunderland",
    "country": 7,
    "division": 15,
    "official_name": "Sunderland",
    "short_name": "Sunderland",
    "state": "",
    "city": "",
    "founded_year": null,
    "badge_url": "",
    "status": "active",
    "notes": "Fonte oficial Premier League consultada em 2026-04-13"
  }
},
{
  "model": "clubs.club",
  "pk": 373,
  "fields": {
    "created_at": "2026-04-13T16:31:18.942Z",
    "updated_at": "2026-04-13T16:31:18.949Z",
    "slug": "tottenham",
    "country": 7,
    "division": 15,
    "official_name": "Tottenham Hotspur",
    "short_name": "Tottenham",
    "state": "",
    "city": "",
    "founded_year": null,
    "badge_url": "",
    "status": "active",
    "notes": "Fonte oficial Premier League consultada em 2026-04-13"
  }
},
{
  "model": "clubs.club",
  "pk": 374,
  "fields": {
    "created_at": "2026-04-13T16:31:18.956Z",
    "updated_at": "2026-04-13T16:31:18.961Z",
    "slug": "west-ham",
    "country": 7,
    "division": 15,
    "official_name": "West Ham United",
    "short_name": "West Ham",
    "state": "",
    "city": "",
    "founded_year": null,
    "badge_url": "",
    "status": "active",
    "notes": "Fonte oficial Premier League consultada em 2026-04-13"
  }
},
{
  "model": "clubs.club",
  "pk": 375,
  "fields": {
    "created_at": "2026-04-13T16:31:18.966Z",
    "updated_at": "2026-04-13T16:31:18.973Z",
    "slug": "wolves",
    "country": 7,
    "division": 15,
    "official_name": "Wolverhampton Wanderers",
    "short_name": "Wolves",
    "state": "",
    "city": "",
    "founded_year": null,
    "badge_url": "",
    "status": "active",
    "notes": "Fonte oficial Premier League consultada em 2026-04-13"
  }
},
{
  "model": "clubs.club",
  "pk": 376,
  "fields": {
    "created_at": "2026-04-13T16:31:18.980Z",
    "updated_at": "2026-04-13T16:31:18.987Z",
    "slug": "amiens",
    "country": 5,
    "division": 12,
    "official_name": "Amiens SC",
    "short_name": "Amiens",
    "state": "",
    "city": "",
    "founded_year": null,
    "badge_url": "",
    "status": "active",
    "notes": "Fonte oficial Ligue 1/Ligue 2 consultada em 2026-04-13"
  }
},
{
  "model": "clubs.club",
  "pk": 377,
  "fields": {
    "created_at": "2026-04-13T16:31:18.994Z",
    "updated_at": "2026-04-13T16:31:19.001Z",
    "slug": "saint-etienne",
    "country": 5,
    "division": 12,
    "official_name": "AS Saint-Etienne",
    "short_name": "Saint-Etienne",
    "state": "",
    "city": "",
    "founded_year": null,
    "badge_url": "",
    "status": "active",
    "notes": "Fonte oficial Ligue 1/Ligue 2 consultada em 2026-04-13"
  }
},
{
  "model": "clubs.club",
  "pk": 378,
  "fields": {
    "created_at": "2026-04-13T16:31:19.007Z",
    "updated_at": "2026-04-13T16:31:19.013Z",
    "slug": "boulogne",
    "country": 5,
    "division": 12,
    "official_name": "US Boulogne",
    "short_name": "Boulogne",
    "state": "",
    "city": "",
    "founded_year": null,
    "badge_url": "",
    "status": "active",
    "notes": "Fonte oficial Ligue 1/Ligue 2 consultada em 2026-04-13"
  }
},
{
  "model": "clubs.club",
  "pk": 379,
  "fields": {
    "created_at": "2026-04-13T16:31:19.020Z",
    "updated_at": "2026-04-13T16:31:19.026Z",
    "slug": "clermont-foot",
    "country": 5,
    "division": 12,
    "official_name": "Clermont Foot",
    "short_name": "Clermont Foot",
    "state": "",
    "city": "",
    "founded_year": null,
    "badge_url": "",
    "status": "active",
    "notes": "Fonte oficial Ligue 1/Ligue 2 consultada em 2026-04-13"
  }
},
{
  "model": "clubs.club",
  "pk": 380,
  "fields": {
    "created_at": "2026-04-13T16:31:19.031Z",
    "updated_at": "2026-04-13T16:31:19.037Z",
    "slug": "dunkerque",
    "country": 5,
    "division": 12,
    "official_name": "USL Dunkerque",
    "short_name": "Dunkerque",
    "state": "",
    "city": "",
    "founded_year": null,
    "badge_url": "",
    "status": "active",
    "notes": "Fonte oficial Ligue 1/Ligue 2 consultada em 2026-04-13"
  }
},
{
  "model": "clubs.club",
  "pk": 381,
  "fields": {
    "created_at": "2026-04-13T16:31:19.042Z",
    "updated_at": "2026-04-13T16:31:19.047Z",
    "slug": "guingamp",
    "country": 5,
    "division": 12,
    "official_name": "En Avant Guingamp",
    "short_name": "Guingamp",
    "state": "",
    "city": "",
    "founded_year": null,
    "badge_url": "",
    "status": "active",
    "notes": "Fonte oficial Ligue 1/Ligue 2 consultada em 2026-04-13"
  }
},
{
  "model": "clubs.club",
  "pk": 382,
  "fields": {
    "created_at": "2026-04-13T16:31:19.056Z",
    "updated_at": "2026-04-13T16:31:19.061Z",
    "slug": "annecy",
    "country": 5,
    "division": 12,
    "official_name": "Annecy FC",
    "short_name": "Annecy",
    "state": "",
    "city": "",
    "founded_year": null,
    "badge_url": "",
    "status": "active",
    "notes": "Fonte oficial Ligue 1/Ligue 2 consultada em 2026-04-13"
  }
},
{
  "model": "clubs.club",
  "pk": 383,
  "fields": {
    "created_at": "2026-04-13T16:31:19.066Z",
    "updated_at": "2026-04-13T16:31:19.072Z",
    "slug": "grenoble",
    "country": 5,
    "division": 12,
    "official_name": "Grenoble Foot 38",
    "short_name": "Grenoble",
    "state": "",
    "city": "",
    "founded_year": null,
    "badge_url": "",
    "status": "active",
    "notes": "Fonte oficial Ligue 1/Ligue 2 consultada em 2026-04-13"
  }
},
{
  "model": "clubs.club",
  "pk": 384,
  "fields": {
    "created_at": "2026-04-13T16:31:19.078Z",
    "updated_at": "2026-04-13T16:31:19.083Z",
    "slug": "laval",
    "country": 5,
    "division": 12,
    "official_name": "Stade Lavallois",
    "short_name": "Laval",
    "state": "",
    "city": "",
    "founded_year": null,
    "badge_url": "",
    "status": "active",
    "notes": "Fonte oficial Ligue 1/Ligue 2 consultada em 2026-04-13"
  }
},
{
  "model": "clubs.club",
  "pk": 385,
  "fields": {
    "created_at": "2026-04-13T16:31:19.089Z",
    "updated_at": "2026-04-13T16:31:19.095Z",
    "slug": "le-mans",
    "country": 5,
    "division": 12,
    "official_name": "Le Mans FC",
    "short_name": "Le Mans",
    "state": "",
    "city": "",
    "founded_year": null,
    "badge_url": "",
    "status": "active",
    "notes": "Fonte oficial Ligue 1/Ligue 2 consultada em 2026-04-13"
  }
},
{
  "model": "clubs.club",
  "pk": 386,
  "fields": {
    "created_at": "2026-04-13T16:31:19.100Z",
    "updated_at": "2026-04-13T16:31:19.107Z",
    "slug": "montpellier",
    "country": 5,
    "division": 12,
    "official_name": "Montpellier HSC",
    "short_name": "Montpellier",
    "state": "",
    "city": "",
    "founded_year": null,
    "badge_url": "",
    "status": "active",
    "notes": "Fonte oficial Ligue 1/Ligue 2 consultada em 2026-04-13"
  }
},
{
  "model": "clubs.club",
  "pk": 387,
  "fields": {
    "created_at": "2026-04-13T16:31:19.112Z",
    "updated_at": "2026-04-13T16:31:19.117Z",
    "slug": "nancy",
    "country": 5,
    "division": 12,
    "official_name": "AS Nancy Lorraine",
    "short_name": "Nancy",
    "state": "",
    "city": "",
    "founded_year": null,
    "badge_url": "",
    "status": "active",
    "notes": "Fonte oficial Ligue 1/Ligue 2 consultada em 2026-04-13"
  }
},
{
  "model": "clubs.club",
  "pk": 388,
  "fields": {
    "created_at": "2026-04-13T16:31:19.123Z",
    "updated_at": "2026-04-13T16:31:19.128Z",
    "slug": "pau-fc",
    "country": 5,
    "division": 12,
    "official_name": "Pau FC",
    "short_name": "Pau FC",
    "state": "",
    "city": "",
    "founded_year": null,
    "badge_url": "",
    "status": "active",
    "notes": "Fonte oficial Ligue 1/Ligue 2 consultada em 2026-04-13"
  }
},
{
  "model": "clubs.club",
  "pk": 389,
  "fields": {
    "created_at": "2026-04-13T16:31:19.134Z",
    "updated_at": "2026-04-13T16:31:19.142Z",
    "slug": "red-star",
    "country": 5,
    "division": 12,
    "official_name": "Red Star",
    "short_name": "Red Star",
    "state": "",
    "city": "",
    "founded_year": null,
    "badge_url": "",
    "status": "active",
    "notes": "Fonte oficial Ligue 1/Ligue 2 consultada em 2026-04-13"
  }
},
{
  "model": "clubs.club",
  "pk": 390,
  "fields": {
    "created_at": "2026-04-13T16:31:19.148Z",
    "updated_at": "2026-04-13T16:31:19.154Z",
    "slug": "reims",
    "country": 5,
    "division": 12,
    "official_name": "Stade de Reims",
    "short_name": "Reims",
    "state": "",
    "city": "",
    "founded_year": null,
    "badge_url": "",
    "status": "active",
    "notes": "Fonte oficial Ligue 1/Ligue 2 consultada em 2026-04-13"
  }
},
{
  "model": "clubs.club",
  "pk": 391,
  "fields": {
    "created_at": "2026-04-13T16:31:19.159Z",
    "updated_at": "2026-04-13T16:31:19.165Z",
    "slug": "rodez",
    "country": 5,
    "division": 12,
    "official_name": "Rodez Aveyron Football",
    "short_name": "Rodez",
    "state": "",
    "city": "",
    "founded_year": null,
    "badge_url": "",
    "status": "active",
    "notes": "Fonte oficial Ligue 1/Ligue 2 consultada em 2026-04-13"
  }
},
{
  "model": "clubs.club",
  "pk": 392,
  "fields": {
    "created_at": "2026-04-13T16:31:19.172Z",
    "updated_at": "2026-04-13T16:31:19.178Z",
    "slug": "bastia",
    "country": 5,
    "division": 12,
    "official_name": "SC Bastia",
    "short_name": "Bastia",
    "state": "",
    "city": "",
    "founded_year": null,
    "badge_url": "",
    "status": "active",
    "notes": "Fonte oficial Ligue 1/Ligue 2 consultada em 2026-04-13"
  }
},
{
  "model": "clubs.club",
  "pk": 393,
  "fields": {
    "created_at": "2026-04-13T16:31:19.185Z",
    "updated_at": "2026-04-13T16:31:19.191Z",
    "slug": "estac",
    "country": 5,
    "division": 12,
    "official_name": "ESTAC Troyes",
    "short_name": "ESTAC",
    "state": "",
    "city": "",
    "founded_year": null,
    "badge_url": "",
    "status": "active",
    "notes": "Fonte oficial Ligue 1/Ligue 2 consultada em 2026-04-13"
  }
},
{
  "model": "clubs.club",
  "pk": 394,
  "fields": {
    "created_at": "2026-04-13T16:31:19.196Z",
    "updated_at": "2026-04-13T16:31:19.201Z",
    "slug": "holstein-kiel",
    "country": 6,
    "division": 14,
    "official_name": "Holstein Kiel",
    "short_name": "Holstein Kiel",
    "state": "",
    "city": "",
    "founded_year": null,
    "badge_url": "",
    "status": "active",
    "notes": "Fonte oficial 2. Bundesliga consultada em 2026-04-13"
  }
},
{
  "model": "clubs.club",
  "pk": 395,
  "fields": {
    "created_at": "2026-04-13T16:31:19.207Z",
    "updated_at": "2026-04-13T16:31:19.212Z",
    "slug": "bochum",
    "country": 6,
    "division": 14,
    "official_name": "VfL Bochum",
    "short_name": "Bochum",
    "state": "",
    "city": "",
    "founded_year": null,
    "badge_url": "",
    "status": "active",
    "notes": "Fonte oficial 2. Bundesliga consultada em 2026-04-13"
  }
},
{
  "model": "clubs.club",
  "pk": 396,
  "fields": {
    "created_at": "2026-04-13T16:31:19.218Z",
    "updated_at": "2026-04-13T16:31:19.223Z",
    "slug": "elversberg",
    "country": 6,
    "division": 14,
    "official_name": "SV Elversberg",
    "short_name": "Elversberg",
    "state": "",
    "city": "",
    "founded_year": null,
    "badge_url": "",
    "status": "active",
    "notes": "Fonte oficial 2. Bundesliga consultada em 2026-04-13"
  }
},
{
  "model": "clubs.club",
  "pk": 397,
  "fields": {
    "created_at": "2026-04-13T16:31:19.228Z",
    "updated_at": "2026-04-13T16:31:19.233Z",
    "slug": "paderborn",
    "country": 6,
    "division": 14,
    "official_name": "SC Paderborn 07",
    "short_name": "Paderborn",
    "state": "",
    "city": "",
    "founded_year": null,
    "badge_url": "",
    "status": "active",
    "notes": "Fonte oficial 2. Bundesliga consultada em 2026-04-13"
  }
},
{
  "model": "clubs.club",
  "pk": 398,
  "fields": {
    "created_at": "2026-04-13T16:31:19.240Z",
    "updated_at": "2026-04-13T16:31:19.247Z",
    "slug": "magdeburg",
    "country": 6,
    "division": 14,
    "official_name": "1. FC Magdeburg",
    "short_name": "Magdeburg",
    "state": "",
    "city": "",
    "founded_year": null,
    "badge_url": "",
    "status": "active",
    "notes": "Fonte oficial 2. Bundesliga consultada em 2026-04-13"
  }
},
{
  "model": "clubs.club",
  "pk": 399,
  "fields": {
    "created_at": "2026-04-13T16:31:19.253Z",
    "updated_at": "2026-04-13T16:31:19.259Z",
    "slug": "fortuna-dusseldorf",
    "country": 6,
    "division": 14,
    "official_name": "Fortuna Dusseldorf",
    "short_name": "Fortuna Dusseldorf",
    "state": "",
    "city": "",
    "founded_year": null,
    "badge_url": "",
    "status": "active",
    "notes": "Fonte oficial 2. Bundesliga consultada em 2026-04-13"
  }
},
{
  "model": "clubs.club",
  "pk": 400,
  "fields": {
    "created_at": "2026-04-13T16:31:19.263Z",
    "updated_at": "2026-04-13T16:31:19.272Z",
    "slug": "kaiserslautern",
    "country": 6,
    "division": 14,
    "official_name": "1. FC Kaiserslautern",
    "short_name": "Kaiserslautern",
    "state": "",
    "city": "",
    "founded_year": null,
    "badge_url": "",
    "status": "active",
    "notes": "Fonte oficial 2. Bundesliga consultada em 2026-04-13"
  }
},
{
  "model": "clubs.club",
  "pk": 401,
  "fields": {
    "created_at": "2026-04-13T16:31:19.277Z",
    "updated_at": "2026-04-13T16:31:19.283Z",
    "slug": "karlsruhe",
    "country": 6,
    "division": 14,
    "official_name": "Karlsruher SC",
    "short_name": "Karlsruhe",
    "state": "",
    "city": "",
    "founded_year": null,
    "badge_url": "",
    "status": "active",
    "notes": "Fonte oficial 2. Bundesliga consultada em 2026-04-13"
  }
},
{
  "model": "clubs.club",
  "pk": 402,
  "fields": {
    "created_at": "2026-04-13T16:31:19.291Z",
    "updated_at": "2026-04-13T16:31:19.296Z",
    "slug": "hannover-96",
    "country": 6,
    "division": 14,
    "official_name": "Hannover 96",
    "short_name": "Hannover 96",
    "state": "",
    "city": "",
    "founded_year": null,
    "badge_url": "",
    "status": "active",
    "notes": "Fonte oficial 2. Bundesliga consultada em 2026-04-13"
  }
},
{
  "model": "clubs.club",
  "pk": 403,
  "fields": {
    "created_at": "2026-04-13T16:31:19.302Z",
    "updated_at": "2026-04-13T16:31:19.307Z",
    "slug": "nurnberg",
    "country": 6,
    "division": 14,
    "official_name": "1. FC Nurnberg",
    "short_name": "Nurnberg",
    "state": "",
    "city": "",
    "founded_year": null,
    "badge_url": "",
    "status": "active",
    "notes": "Fonte oficial 2. Bundesliga consultada em 2026-04-13"
  }
},
{
  "model": "clubs.club",
  "pk": 404,
  "fields": {
    "created_at": "2026-04-13T16:31:19.312Z",
    "updated_at": "2026-04-13T16:31:19.318Z",
    "slug": "hertha-berlin",
    "country": 6,
    "division": 14,
    "official_name": "Hertha BSC",
    "short_name": "Hertha Berlin",
    "state": "",
    "city": "",
    "founded_year": null,
    "badge_url": "",
    "status": "active",
    "notes": "Fonte oficial 2. Bundesliga consultada em 2026-04-13"
  }
},
{
  "model": "clubs.club",
  "pk": 405,
  "fields": {
    "created_at": "2026-04-13T16:31:19.325Z",
    "updated_at": "2026-04-13T16:31:19.330Z",
    "slug": "darmstadt-98",
    "country": 6,
    "division": 14,
    "official_name": "SV Darmstadt 98",
    "short_name": "Darmstadt 98",
    "state": "",
    "city": "",
    "founded_year": null,
    "badge_url": "",
    "status": "active",
    "notes": "Fonte oficial 2. Bundesliga consultada em 2026-04-13"
  }
},
{
  "model": "clubs.club",
  "pk": 406,
  "fields": {
    "created_at": "2026-04-13T16:31:19.337Z",
    "updated_at": "2026-04-13T16:31:19.343Z",
    "slug": "greuther-furth",
    "country": 6,
    "division": 14,
    "official_name": "SpVgg Greuther Furth",
    "short_name": "Greuther Furth",
    "state": "",
    "city": "",
    "founded_year": null,
    "badge_url": "",
    "status": "active",
    "notes": "Fonte oficial 2. Bundesliga consultada em 2026-04-13"
  }
},
{
  "model": "clubs.club",
  "pk": 407,
  "fields": {
    "created_at": "2026-04-13T16:31:19.348Z",
    "updated_at": "2026-04-13T16:31:19.354Z",
    "slug": "schalke-04",
    "country": 6,
    "division": 14,
    "official_name": "FC Schalke 04",
    "short_name": "Schalke 04",
    "state": "",
    "city": "",
    "founded_year": null,
    "badge_url": "",
    "status": "active",
    "notes": "Fonte oficial 2. Bundesliga consultada em 2026-04-13"
  }
},
{
  "model": "clubs.club",
  "pk": 408,
  "fields": {
    "created_at": "2026-04-13T16:31:19.360Z",
    "updated_at": "2026-04-13T16:31:19.365Z",
    "slug": "preussen-munster",
    "country": 6,
    "division": 14,
    "official_name": "Preussen Munster",
    "short_name": "Preussen Munster",
    "state": "",
    "city": "",
    "founded_year": null,
    "badge_url": "",
    "status": "active",
    "notes": "Fonte oficial 2. Bundesliga consultada em 2026-04-13"
  }
},
{
  "model": "clubs.club",
  "pk": 409,
  "fields": {
    "created_at": "2026-04-13T16:31:19.374Z",
    "updated_at": "2026-04-13T16:31:19.379Z",
    "slug": "braunschweig",
    "country": 6,
    "division": 14,
    "official_name": "Eintracht Braunschweig",
    "short_name": "Braunschweig",
    "state": "",
    "city": "",
    "founded_year": null,
    "badge_url": "",
    "status": "active",
    "notes": "Fonte oficial 2. Bundesliga consultada em 2026-04-13"
  }
},
{
  "model": "clubs.club",
  "pk": 410,
  "fields": {
    "created_at": "2026-04-13T16:31:19.385Z",
    "updated_at": "2026-04-13T16:31:19.392Z",
    "slug": "arminia-bielefeld",
    "country": 6,
    "division": 14,
    "official_name": "Arminia Bielefeld",
    "short_name": "Arminia Bielefeld",
    "state": "",
    "city": "",
    "founded_year": null,
    "badge_url": "",
    "status": "active",
    "notes": "Fonte oficial 2. Bundesliga consultada em 2026-04-13"
  }
},
{
  "model": "clubs.club",
  "pk": 411,
  "fields": {
    "created_at": "2026-04-13T16:31:19.396Z",
    "updated_at": "2026-04-13T16:31:19.402Z",
    "slug": "dynamo-dresden",
    "country": 6,
    "division": 14,
    "official_name": "Dynamo Dresden",
    "short_name": "Dynamo Dresden",
    "state": "",
    "city": "",
    "founded_year": null,
    "badge_url": "",
    "status": "active",
    "notes": "Fonte oficial 2. Bundesliga consultada em 2026-04-13"
  }
},
{
  "model": "clubs.club",
  "pk": 412,
  "fields": {
    "created_at": "2026-04-13T16:31:19.410Z",
    "updated_at": "2026-04-13T16:31:19.416Z",
    "slug": "birmingham-city",
    "country": 7,
    "division": 16,
    "official_name": "Birmingham City",
    "short_name": "Birmingham City",
    "state": "",
    "city": "",
    "founded_year": null,
    "badge_url": "",
    "status": "active",
    "notes": "Fonte complementar EFL Championship 2025-26 consultada em 2026-04-13"
  }
},
{
  "model": "clubs.club",
  "pk": 413,
  "fields": {
    "created_at": "2026-04-13T16:31:19.422Z",
    "updated_at": "2026-04-13T16:31:19.427Z",
    "slug": "blackburn-rovers",
    "country": 7,
    "division": 16,
    "official_name": "Blackburn Rovers",
    "short_name": "Blackburn Rovers",
    "state": "",
    "city": "",
    "founded_year": null,
    "badge_url": "",
    "status": "active",
    "notes": "Fonte complementar EFL Championship 2025-26 consultada em 2026-04-13"
  }
},
{
  "model": "clubs.club",
  "pk": 414,
  "fields": {
    "created_at": "2026-04-13T16:31:19.433Z",
    "updated_at": "2026-04-13T16:31:19.438Z",
    "slug": "bristol-city",
    "country": 7,
    "division": 16,
    "official_name": "Bristol City",
    "short_name": "Bristol City",
    "state": "",
    "city": "",
    "founded_year": null,
    "badge_url": "",
    "status": "active",
    "notes": "Fonte complementar EFL Championship 2025-26 consultada em 2026-04-13"
  }
},
{
  "model": "clubs.club",
  "pk": 415,
  "fields": {
    "created_at": "2026-04-13T16:31:19.444Z",
    "updated_at": "2026-04-13T16:31:19.448Z",
    "slug": "charlton-athletic",
    "country": 7,
    "division": 16,
    "official_name": "Charlton Athletic",
    "short_name": "Charlton Athletic",
    "state": "",
    "city": "",
    "founded_year": null,
    "badge_url": "",
    "status": "active",
    "notes": "Fonte complementar EFL Championship 2025-26 consultada em 2026-04-13"
  }
},
{
  "model": "clubs.club",
  "pk": 416,
  "fields": {
    "created_at": "2026-04-13T16:31:19.455Z",
    "updated_at": "2026-04-13T16:31:19.461Z",
    "slug": "coventry-city",
    "country": 7,
    "division": 16,
    "official_name": "Coventry City",
    "short_name": "Coventry City",
    "state": "",
    "city": "",
    "founded_year": null,
    "badge_url": "",
    "status": "active",
    "notes": "Fonte complementar EFL Championship 2025-26 consultada em 2026-04-13"
  }
},
{
  "model": "clubs.club",
  "pk": 417,
  "fields": {
    "created_at": "2026-04-13T16:31:19.465Z",
    "updated_at": "2026-04-13T16:31:19.473Z",
    "slug": "derby-county",
    "country": 7,
    "division": 16,
    "official_name": "Derby County",
    "short_name": "Derby County",
    "state": "",
    "city": "",
    "founded_year": null,
    "badge_url": "",
    "status": "active",
    "notes": "Fonte complementar EFL Championship 2025-26 consultada em 2026-04-13"
  }
},
{
  "model": "clubs.club",
  "pk": 418,
  "fields": {
    "created_at": "2026-04-13T16:31:19.479Z",
    "updated_at": "2026-04-13T16:31:19.486Z",
    "slug": "hull-city",
    "country": 7,
    "division": 16,
    "official_name": "Hull City",
    "short_name": "Hull City",
    "state": "",
    "city": "",
    "founded_year": null,
    "badge_url": "",
    "status": "active",
    "notes": "Fonte complementar EFL Championship 2025-26 consultada em 2026-04-13"
  }
},
{
  "model": "clubs.club",
  "pk": 419,
  "fields": {
    "created_at": "2026-04-13T16:31:19.492Z",
    "updated_at": "2026-04-13T16:31:19.498Z",
    "slug": "ipswich-town",
    "country": 7,
    "division": 16,
    "official_name": "Ipswich Town",
    "short_name": "Ipswich Town",
    "state": "",
    "city": "",
    "founded_year": null,
    "badge_url": "",
    "status": "active",
    "notes": "Fonte complementar EFL Championship 2025-26 consultada em 2026-04-13"
  }
},
{
  "model": "clubs.club",
  "pk": 420,
  "fields": {
    "created_at": "2026-04-13T16:31:19.505Z",
    "updated_at": "2026-04-13T16:31:19.510Z",
    "slug": "leicester-city",
    "country": 7,
    "division": 16,
    "official_name": "Leicester City",
    "short_name": "Leicester City",
    "state": "",
    "city": "",
    "founded_year": null,
    "badge_url": "",
    "status": "active",
    "notes": "Fonte complementar EFL Championship 2025-26 consultada em 2026-04-13"
  }
},
{
  "model": "clubs.club",
  "pk": 421,
  "fields": {
    "created_at": "2026-04-13T16:31:19.517Z",
    "updated_at": "2026-04-13T16:31:19.525Z",
    "slug": "middlesbrough",
    "country": 7,
    "division": 16,
    "official_name": "Middlesbrough",
    "short_name": "Middlesbrough",
    "state": "",
    "city": "",
    "founded_year": null,
    "badge_url": "",
    "status": "active",
    "notes": "Fonte complementar EFL Championship 2025-26 consultada em 2026-04-13"
  }
},
{
  "model": "clubs.club",
  "pk": 422,
  "fields": {
    "created_at": "2026-04-13T16:31:19.530Z",
    "updated_at": "2026-04-13T16:31:19.536Z",
    "slug": "millwall",
    "country": 7,
    "division": 16,
    "official_name": "Millwall",
    "short_name": "Millwall",
    "state": "",
    "city": "",
    "founded_year": null,
    "badge_url": "",
    "status": "active",
    "notes": "Fonte complementar EFL Championship 2025-26 consultada em 2026-04-13"
  }
},
{
  "model": "clubs.club",
  "pk": 423,
  "fields": {
    "created_at": "2026-04-13T16:31:19.543Z",
    "updated_at": "2026-04-13T16:31:19.548Z",
    "slug": "norwich-city",
    "country": 7,
    "division": 16,
    "official_name": "Norwich City",
    "short_name": "Norwich City",
    "state": "",
    "city": "",
    "founded_year": null,
    "badge_url": "",
    "status": "active",
    "notes": "Fonte complementar EFL Championship 2025-26 consultada em 2026-04-13"
  }
},
{
  "model": "clubs.club",
  "pk": 424,
  "fields": {
    "created_at": "2026-04-13T16:31:19.554Z",
    "updated_at": "2026-04-13T16:31:19.562Z",
    "slug": "oxford-united",
    "country": 7,
    "division": 16,
    "official_name": "Oxford United",
    "short_name": "Oxford United",
    "state": "",
    "city": "",
    "founded_year": null,
    "badge_url": "",
    "status": "active",
    "notes": "Fonte complementar EFL Championship 2025-26 consultada em 2026-04-13"
  }
},
{
  "model": "clubs.club",
  "pk": 425,
  "fields": {
    "created_at": "2026-04-13T16:31:19.569Z",
    "updated_at": "2026-04-13T16:31:19.574Z",
    "slug": "portsmouth",
    "country": 7,
    "division": 16,
    "official_name": "Portsmouth",
    "short_name": "Portsmouth",
    "state": "",
    "city": "",
    "founded_year": null,
    "badge_url": "",
    "status": "active",
    "notes": "Fonte complementar EFL Championship 2025-26 consultada em 2026-04-13"
  }
},
{
  "model": "clubs.club",
  "pk": 426,
  "fields": {
    "created_at": "2026-04-13T16:31:19.580Z",
    "updated_at": "2026-04-13T16:31:19.586Z",
    "slug": "preston-north-end",
    "country": 7,
    "division": 16,
    "official_name": "Preston North End",
    "short_name": "Preston North End",
    "state": "",
    "city": "",
    "founded_year": null,
    "badge_url": "",
    "status": "active",
    "notes": "Fonte complementar EFL Championship 2025-26 consultada em 2026-04-13"
  }
},
{
  "model": "clubs.club",
  "pk": 427,
  "fields": {
    "created_at": "2026-04-13T16:31:19.593Z",
    "updated_at": "2026-04-13T16:31:19.599Z",
    "slug": "qpr",
    "country": 7,
    "division": 16,
    "official_name": "Queens Park Rangers",
    "short_name": "QPR",
    "state": "",
    "city": "",
    "founded_year": null,
    "badge_url": "",
    "status": "active",
    "notes": "Fonte complementar EFL Championship 2025-26 consultada em 2026-04-13"
  }
},
{
  "model": "clubs.club",
  "pk": 428,
  "fields": {
    "created_at": "2026-04-13T16:31:19.607Z",
    "updated_at": "2026-04-13T16:31:19.613Z",
    "slug": "sheffield-united",
    "country": 7,
    "division": 16,
    "official_name": "Sheffield United",
    "short_name": "Sheffield United",
    "state": "",
    "city": "",
    "founded_year": null,
    "badge_url": "",
    "status": "active",
    "notes": "Fonte complementar EFL Championship 2025-26 consultada em 2026-04-13"
  }
},
{
  "model": "clubs.club",
  "pk": 429,
  "fields": {
    "created_at": "2026-04-13T16:31:19.618Z",
    "updated_at": "2026-04-13T16:31:19.624Z",
    "slug": "sheffield-wednesday",
    "country": 7,
    "division": 16,
    "official_name": "Sheffield Wednesday",
    "short_name": "Sheffield Wednesday",
    "state": "",
    "city": "",
    "founded_year": null,
    "badge_url": "",
    "status": "active",
    "notes": "Fonte complementar EFL Championship 2025-26 consultada em 2026-04-13"
  }
},
{
  "model": "clubs.club",
  "pk": 430,
  "fields": {
    "created_at": "2026-04-13T16:31:19.629Z",
    "updated_at": "2026-04-13T16:31:19.635Z",
    "slug": "southampton",
    "country": 7,
    "division": 16,
    "official_name": "Southampton",
    "short_name": "Southampton",
    "state": "",
    "city": "",
    "founded_year": null,
    "badge_url": "",
    "status": "active",
    "notes": "Fonte complementar EFL Championship 2025-26 consultada em 2026-04-13"
  }
},
{
  "model": "clubs.club",
  "pk": 431,
  "fields": {
    "created_at": "2026-04-13T16:31:19.641Z",
    "updated_at": "2026-04-13T16:31:19.646Z",
    "slug": "stoke-city",
    "country": 7,
    "division": 16,
    "official_name": "Stoke City",
    "short_name": "Stoke City",
    "state": "",
    "city": "",
    "founded_year": null,
    "badge_url": "",
    "status": "active",
    "notes": "Fonte complementar EFL Championship 2025-26 consultada em 2026-04-13"
  }
},
{
  "model": "clubs.club",
  "pk": 432,
  "fields": {
    "created_at": "2026-04-13T16:31:19.652Z",
    "updated_at": "2026-04-13T16:31:19.657Z",
    "slug": "swansea-city",
    "country": 7,
    "division": 16,
    "official_name": "Swansea City",
    "short_name": "Swansea City",
    "state": "",
    "city": "",
    "founded_year": null,
    "badge_url": "",
    "status": "active",
    "notes": "Fonte complementar EFL Championship 2025-26 consultada em 2026-04-13"
  }
},
{
  "model": "clubs.club",
  "pk": 433,
  "fields": {
    "created_at": "2026-04-13T16:31:19.664Z",
    "updated_at": "2026-04-13T16:31:19.671Z",
    "slug": "watford",
    "country": 7,
    "division": 16,
    "official_name": "Watford",
    "short_name": "Watford",
    "state": "",
    "city": "",
    "founded_year": null,
    "badge_url": "",
    "status": "active",
    "notes": "Fonte complementar EFL Championship 2025-26 consultada em 2026-04-13"
  }
},
{
  "model": "clubs.club",
  "pk": 434,
  "fields": {
    "created_at": "2026-04-13T16:31:19.676Z",
    "updated_at": "2026-04-13T16:31:19.680Z",
    "slug": "west-brom",
    "country": 7,
    "division": 16,
    "official_name": "West Bromwich Albion",
    "short_name": "West Brom",
    "state": "",
    "city": "",
    "founded_year": null,
    "badge_url": "",
    "status": "active",
    "notes": "Fonte complementar EFL Championship 2025-26 consultada em 2026-04-13"
  }
},
{
  "model": "clubs.club",
  "pk": 435,
  "fields": {
    "created_at": "2026-04-13T16:31:19.687Z",
    "updated_at": "2026-04-13T16:31:19.693Z",
    "slug": "wrexham",
    "country": 7,
    "division": 16,
    "official_name": "Wrexham",
    "short_name": "Wrexham",
    "state": "",
    "city": "",
    "founded_year": null,
    "badge_url": "",
    "status": "active",
    "notes": "Fonte complementar EFL Championship 2025-26 consultada em 2026-04-13"
  }
},
{
  "model": "clubs.club",
  "pk": 436,
  "fields": {
    "created_at": "2026-04-13T16:35:25.597Z",
    "updated_at": "2026-04-13T16:35:25.610Z",
    "slug": "al-ahli",
    "country": 8,
    "division": 17,
    "official_name": "Al Ahli",
    "short_name": "Al Ahli",
    "state": "",
    "city": "Jeddah",
    "founded_year": null,
    "badge_url": "",
    "status": "active",
    "notes": "Fonte oficial Saudi Pro League consultada em 2026-04-13"
  }
},
{
  "model": "clubs.club",
  "pk": 437,
  "fields": {
    "created_at": "2026-04-13T16:35:25.618Z",
    "updated_at": "2026-04-13T16:35:25.625Z",
    "slug": "al-ettifaq",
    "country": 8,
    "division": 17,
    "official_name": "Al Ettifaq",
    "short_name": "Al Ettifaq",
    "state": "",
    "city": "Dammam",
    "founded_year": null,
    "badge_url": "",
    "status": "active",
    "notes": "Fonte oficial Saudi Pro League consultada em 2026-04-13"
  }
},
{
  "model": "clubs.club",
  "pk": 438,
  "fields": {
    "created_at": "2026-04-13T16:35:25.632Z",
    "updated_at": "2026-04-13T16:35:25.639Z",
    "slug": "al-fateh",
    "country": 8,
    "division": 17,
    "official_name": "Al Fateh",
    "short_name": "Al Fateh",
    "state": "",
    "city": "Al Ahsa",
    "founded_year": null,
    "badge_url": "",
    "status": "active",
    "notes": "Fonte oficial Saudi Pro League consultada em 2026-04-13"
  }
},
{
  "model": "clubs.club",
  "pk": 439,
  "fields": {
    "created_at": "2026-04-13T16:35:25.651Z",
    "updated_at": "2026-04-13T16:35:25.660Z",
    "slug": "al-fayha",
    "country": 8,
    "division": 17,
    "official_name": "Al Fayha",
    "short_name": "Al Fayha",
    "state": "",
    "city": "Al Majma'ah",
    "founded_year": null,
    "badge_url": "",
    "status": "active",
    "notes": "Fonte oficial Saudi Pro League consultada em 2026-04-13"
  }
},
{
  "model": "clubs.club",
  "pk": 440,
  "fields": {
    "created_at": "2026-04-13T16:35:25.668Z",
    "updated_at": "2026-04-13T16:35:25.676Z",
    "slug": "al-hazem",
    "country": 8,
    "division": 17,
    "official_name": "Al Hazem",
    "short_name": "Al Hazem",
    "state": "",
    "city": "Ar Rass",
    "founded_year": null,
    "badge_url": "",
    "status": "active",
    "notes": "Fonte oficial Saudi Pro League consultada em 2026-04-13"
  }
},
{
  "model": "clubs.club",
  "pk": 441,
  "fields": {
    "created_at": "2026-04-13T16:35:25.684Z",
    "updated_at": "2026-04-13T16:35:25.689Z",
    "slug": "al-hilal",
    "country": 8,
    "division": 17,
    "official_name": "Al Hilal",
    "short_name": "Al Hilal",
    "state": "",
    "city": "Riyadh",
    "founded_year": null,
    "badge_url": "",
    "status": "active",
    "notes": "Fonte oficial Saudi Pro League consultada em 2026-04-13"
  }
},
{
  "model": "clubs.club",
  "pk": 442,
  "fields": {
    "created_at": "2026-04-13T16:35:25.696Z",
    "updated_at": "2026-04-13T16:35:25.702Z",
    "slug": "al-ittihad",
    "country": 8,
    "division": 17,
    "official_name": "Al Ittihad",
    "short_name": "Al Ittihad",
    "state": "",
    "city": "Jeddah",
    "founded_year": null,
    "badge_url": "",
    "status": "active",
    "notes": "Fonte oficial Saudi Pro League consultada em 2026-04-13"
  }
},
{
  "model": "clubs.club",
  "pk": 443,
  "fields": {
    "created_at": "2026-04-13T16:35:25.710Z",
    "updated_at": "2026-04-13T16:35:25.717Z",
    "slug": "al-khaleej",
    "country": 8,
    "division": 17,
    "official_name": "Al Khaleej",
    "short_name": "Al Khaleej",
    "state": "",
    "city": "Dammam",
    "founded_year": null,
    "badge_url": "",
    "status": "active",
    "notes": "Fonte oficial Saudi Pro League consultada em 2026-04-13"
  }
},
{
  "model": "clubs.club",
  "pk": 444,
  "fields": {
    "created_at": "2026-04-13T16:35:25.722Z",
    "updated_at": "2026-04-13T16:35:25.728Z",
    "slug": "al-kholood",
    "country": 8,
    "division": 17,
    "official_name": "Al Kholood",
    "short_name": "Al Kholood",
    "state": "",
    "city": "Ar Rass",
    "founded_year": null,
    "badge_url": "",
    "status": "active",
    "notes": "Fonte oficial Saudi Pro League consultada em 2026-04-13"
  }
},
{
  "model": "clubs.club",
  "pk": 445,
  "fields": {
    "created_at": "2026-04-13T16:35:25.734Z",
    "updated_at": "2026-04-13T16:35:25.741Z",
    "slug": "al-najmah",
    "country": 8,
    "division": 17,
    "official_name": "Al Najmah",
    "short_name": "Al Najmah",
    "state": "",
    "city": "Buraydah",
    "founded_year": null,
    "badge_url": "",
    "status": "active",
    "notes": "Fonte oficial Saudi Pro League consultada em 2026-04-13"
  }
},
{
  "model": "clubs.club",
  "pk": 446,
  "fields": {
    "created_at": "2026-04-13T16:35:25.749Z",
    "updated_at": "2026-04-13T16:35:25.755Z",
    "slug": "al-nassr",
    "country": 8,
    "division": 17,
    "official_name": "Al Nassr",
    "short_name": "Al Nassr",
    "state": "",
    "city": "Riyadh",
    "founded_year": null,
    "badge_url": "",
    "status": "active",
    "notes": "Fonte oficial Saudi Pro League consultada em 2026-04-13"
  }
},
{
  "model": "clubs.club",
  "pk": 447,
  "fields": {
    "created_at": "2026-04-13T16:35:25.763Z",
    "updated_at": "2026-04-13T16:35:25.768Z",
    "slug": "al-okhdood",
    "country": 8,
    "division": 17,
    "official_name": "Al Okhdood",
    "short_name": "Al Okhdood",
    "state": "",
    "city": "Najran",
    "founded_year": null,
    "badge_url": "",
    "status": "active",
    "notes": "Fonte oficial Saudi Pro League consultada em 2026-04-13"
  }
},
{
  "model": "clubs.club",
  "pk": 448,
  "fields": {
    "created_at": "2026-04-13T16:35:25.774Z",
    "updated_at": "2026-04-13T16:35:25.780Z",
    "slug": "al-qadsiah",
    "country": 8,
    "division": 17,
    "official_name": "Al Qadsiah",
    "short_name": "Al Qadsiah",
    "state": "",
    "city": "Dammam",
    "founded_year": null,
    "badge_url": "",
    "status": "active",
    "notes": "Fonte oficial Saudi Pro League consultada em 2026-04-13"
  }
},
{
  "model": "clubs.club",
  "pk": 449,
  "fields": {
    "created_at": "2026-04-13T16:35:25.785Z",
    "updated_at": "2026-04-13T16:35:25.793Z",
    "slug": "al-riyadh",
    "country": 8,
    "division": 17,
    "official_name": "Al Riyadh",
    "short_name": "Al Riyadh",
    "state": "",
    "city": "Riyadh",
    "founded_year": null,
    "badge_url": "",
    "status": "active",
    "notes": "Fonte oficial Saudi Pro League consultada em 2026-04-13"
  }
},
{
  "model": "clubs.club",
  "pk": 450,
  "fields": {
    "created_at": "2026-04-13T16:35:25.798Z",
    "updated_at": "2026-04-13T16:35:25.803Z",
    "slug": "al-shabab",
    "country": 8,
    "division": 17,
    "official_name": "Al Shabab",
    "short_name": "Al Shabab",
    "state": "",
    "city": "Riyadh",
    "founded_year": null,
    "badge_url": "",
    "status": "active",
    "notes": "Fonte oficial Saudi Pro League consultada em 2026-04-13"
  }
},
{
  "model": "clubs.club",
  "pk": 451,
  "fields": {
    "created_at": "2026-04-13T16:35:25.812Z",
    "updated_at": "2026-04-13T16:35:25.818Z",
    "slug": "al-taawoun",
    "country": 8,
    "division": 17,
    "official_name": "Al Taawoun",
    "short_name": "Al Taawoun",
    "state": "",
    "city": "Buraydah",
    "founded_year": null,
    "badge_url": "",
    "status": "active",
    "notes": "Fonte oficial Saudi Pro League consultada em 2026-04-13"
  }
},
{
  "model": "clubs.club",
  "pk": 452,
  "fields": {
    "created_at": "2026-04-13T16:35:25.824Z",
    "updated_at": "2026-04-13T16:35:25.830Z",
    "slug": "damac",
    "country": 8,
    "division": 17,
    "official_name": "Damac",
    "short_name": "Damac",
    "state": "",
    "city": "Khamis Mushait",
    "founded_year": null,
    "badge_url": "",
    "status": "active",
    "notes": "Fonte oficial Saudi Pro League consultada em 2026-04-13"
  }
},
{
  "model": "clubs.club",
  "pk": 453,
  "fields": {
    "created_at": "2026-04-13T16:35:25.835Z",
    "updated_at": "2026-04-13T16:35:25.842Z",
    "slug": "neom",
    "country": 8,
    "division": 17,
    "official_name": "Neom",
    "short_name": "Neom",
    "state": "",
    "city": "Tabuk",
    "founded_year": null,
    "badge_url": "",
    "status": "active",
    "notes": "Fonte oficial Saudi Pro League consultada em 2026-04-13"
  }
},
{
  "model": "clubs.club",
  "pk": 454,
  "fields": {
    "created_at": "2026-04-13T16:35:25.850Z",
    "updated_at": "2026-04-13T16:35:25.856Z",
    "slug": "atlanta-united",
    "country": 9,
    "division": 18,
    "official_name": "Atlanta United",
    "short_name": "Atlanta United",
    "state": "",
    "city": "Atlanta",
    "founded_year": null,
    "badge_url": "",
    "status": "active",
    "notes": "Fonte oficial MLS Clubs consultada em 2026-04-13"
  }
},
{
  "model": "clubs.club",
  "pk": 455,
  "fields": {
    "created_at": "2026-04-13T16:35:25.864Z",
    "updated_at": "2026-04-13T16:35:25.870Z",
    "slug": "austin-fc",
    "country": 9,
    "division": 18,
    "official_name": "Austin FC",
    "short_name": "Austin FC",
    "state": "",
    "city": "Austin",
    "founded_year": null,
    "badge_url": "",
    "status": "active",
    "notes": "Fonte oficial MLS Clubs consultada em 2026-04-13"
  }
},
{
  "model": "clubs.club",
  "pk": 456,
  "fields": {
    "created_at": "2026-04-13T16:35:25.876Z",
    "updated_at": "2026-04-13T16:35:25.882Z",
    "slug": "charlotte-fc",
    "country": 9,
    "division": 18,
    "official_name": "Charlotte FC",
    "short_name": "Charlotte FC",
    "state": "",
    "city": "Charlotte",
    "founded_year": null,
    "badge_url": "",
    "status": "active",
    "notes": "Fonte oficial MLS Clubs consultada em 2026-04-13"
  }
},
{
  "model": "clubs.club",
  "pk": 457,
  "fields": {
    "created_at": "2026-04-13T16:35:25.887Z",
    "updated_at": "2026-04-13T16:35:25.897Z",
    "slug": "chicago-fire",
    "country": 9,
    "division": 18,
    "official_name": "Chicago Fire FC",
    "short_name": "Chicago Fire",
    "state": "",
    "city": "Chicago",
    "founded_year": null,
    "badge_url": "",
    "status": "active",
    "notes": "Fonte oficial MLS Clubs consultada em 2026-04-13"
  }
},
{
  "model": "clubs.club",
  "pk": 458,
  "fields": {
    "created_at": "2026-04-13T16:35:25.903Z",
    "updated_at": "2026-04-13T16:35:25.911Z",
    "slug": "fc-cincinnati",
    "country": 9,
    "division": 18,
    "official_name": "FC Cincinnati",
    "short_name": "FC Cincinnati",
    "state": "",
    "city": "Cincinnati",
    "founded_year": null,
    "badge_url": "",
    "status": "active",
    "notes": "Fonte oficial MLS Clubs consultada em 2026-04-13"
  }
},
{
  "model": "clubs.club",
  "pk": 459,
  "fields": {
    "created_at": "2026-04-13T16:35:25.916Z",
    "updated_at": "2026-04-13T16:35:25.922Z",
    "slug": "colorado-rapids",
    "country": 9,
    "division": 18,
    "official_name": "Colorado Rapids",
    "short_name": "Colorado Rapids",
    "state": "",
    "city": "Commerce City",
    "founded_year": null,
    "badge_url": "",
    "status": "active",
    "notes": "Fonte oficial MLS Clubs consultada em 2026-04-13"
  }
},
{
  "model": "clubs.club",
  "pk": 460,
  "fields": {
    "created_at": "2026-04-13T16:35:25.930Z",
    "updated_at": "2026-04-13T16:35:25.937Z",
    "slug": "columbus-crew",
    "country": 9,
    "division": 18,
    "official_name": "Columbus Crew",
    "short_name": "Columbus Crew",
    "state": "",
    "city": "Columbus",
    "founded_year": null,
    "badge_url": "",
    "status": "active",
    "notes": "Fonte oficial MLS Clubs consultada em 2026-04-13"
  }
},
{
  "model": "clubs.club",
  "pk": 461,
  "fields": {
    "created_at": "2026-04-13T16:35:25.945Z",
    "updated_at": "2026-04-13T16:35:25.951Z",
    "slug": "dc-united",
    "country": 9,
    "division": 18,
    "official_name": "D.C. United",
    "short_name": "D.C. United",
    "state": "",
    "city": "Washington",
    "founded_year": null,
    "badge_url": "",
    "status": "active",
    "notes": "Fonte oficial MLS Clubs consultada em 2026-04-13"
  }
},
{
  "model": "clubs.club",
  "pk": 462,
  "fields": {
    "created_at": "2026-04-13T16:35:25.959Z",
    "updated_at": "2026-04-13T16:35:25.964Z",
    "slug": "fc-dallas",
    "country": 9,
    "division": 18,
    "official_name": "FC Dallas",
    "short_name": "FC Dallas",
    "state": "",
    "city": "Frisco",
    "founded_year": null,
    "badge_url": "",
    "status": "active",
    "notes": "Fonte oficial MLS Clubs consultada em 2026-04-13"
  }
},
{
  "model": "clubs.club",
  "pk": 463,
  "fields": {
    "created_at": "2026-04-13T16:35:25.969Z",
    "updated_at": "2026-04-13T16:35:25.978Z",
    "slug": "houston-dynamo",
    "country": 9,
    "division": 18,
    "official_name": "Houston Dynamo FC",
    "short_name": "Houston Dynamo",
    "state": "",
    "city": "Houston",
    "founded_year": null,
    "badge_url": "",
    "status": "active",
    "notes": "Fonte oficial MLS Clubs consultada em 2026-04-13"
  }
},
{
  "model": "clubs.club",
  "pk": 464,
  "fields": {
    "created_at": "2026-04-13T16:35:25.984Z",
    "updated_at": "2026-04-13T16:35:25.991Z",
    "slug": "sporting-kc",
    "country": 9,
    "division": 18,
    "official_name": "Sporting Kansas City",
    "short_name": "Sporting KC",
    "state": "",
    "city": "Kansas City",
    "founded_year": null,
    "badge_url": "",
    "status": "active",
    "notes": "Fonte oficial MLS Clubs consultada em 2026-04-13"
  }
},
{
  "model": "clubs.club",
  "pk": 465,
  "fields": {
    "created_at": "2026-04-13T16:35:25.997Z",
    "updated_at": "2026-04-13T16:35:26.001Z",
    "slug": "la-galaxy",
    "country": 9,
    "division": 18,
    "official_name": "LA Galaxy",
    "short_name": "LA Galaxy",
    "state": "",
    "city": "Los Angeles",
    "founded_year": null,
    "badge_url": "",
    "status": "active",
    "notes": "Fonte oficial MLS Clubs consultada em 2026-04-13"
  }
},
{
  "model": "clubs.club",
  "pk": 466,
  "fields": {
    "created_at": "2026-04-13T16:35:26.006Z",
    "updated_at": "2026-04-13T16:35:26.012Z",
    "slug": "lafc",
    "country": 9,
    "division": 18,
    "official_name": "Los Angeles Football Club",
    "short_name": "LAFC",
    "state": "",
    "city": "Los Angeles",
    "founded_year": null,
    "badge_url": "",
    "status": "active",
    "notes": "Fonte oficial MLS Clubs consultada em 2026-04-13"
  }
},
{
  "model": "clubs.club",
  "pk": 467,
  "fields": {
    "created_at": "2026-04-13T16:35:26.018Z",
    "updated_at": "2026-04-13T16:35:26.023Z",
    "slug": "inter-miami",
    "country": 9,
    "division": 18,
    "official_name": "Inter Miami CF",
    "short_name": "Inter Miami",
    "state": "",
    "city": "Fort Lauderdale",
    "founded_year": null,
    "badge_url": "",
    "status": "active",
    "notes": "Fonte oficial MLS Clubs consultada em 2026-04-13"
  }
},
{
  "model": "clubs.club",
  "pk": 468,
  "fields": {
    "created_at": "2026-04-13T16:35:26.028Z",
    "updated_at": "2026-04-13T16:35:26.032Z",
    "slug": "minnesota-united",
    "country": 9,
    "division": 18,
    "official_name": "Minnesota United FC",
    "short_name": "Minnesota United",
    "state": "",
    "city": "Saint Paul",
    "founded_year": null,
    "badge_url": "",
    "status": "active",
    "notes": "Fonte oficial MLS Clubs consultada em 2026-04-13"
  }
},
{
  "model": "clubs.club",
  "pk": 469,
  "fields": {
    "created_at": "2026-04-13T16:35:26.040Z",
    "updated_at": "2026-04-13T16:35:26.047Z",
    "slug": "nashville-sc",
    "country": 9,
    "division": 18,
    "official_name": "Nashville SC",
    "short_name": "Nashville SC",
    "state": "",
    "city": "Nashville",
    "founded_year": null,
    "badge_url": "",
    "status": "active",
    "notes": "Fonte oficial MLS Clubs consultada em 2026-04-13"
  }
},
{
  "model": "clubs.club",
  "pk": 470,
  "fields": {
    "created_at": "2026-04-13T16:35:26.054Z",
    "updated_at": "2026-04-13T16:35:26.060Z",
    "slug": "new-england-revolution",
    "country": 9,
    "division": 18,
    "official_name": "New England Revolution",
    "short_name": "New England Revolution",
    "state": "",
    "city": "Foxborough",
    "founded_year": null,
    "badge_url": "",
    "status": "active",
    "notes": "Fonte oficial MLS Clubs consultada em 2026-04-13"
  }
},
{
  "model": "clubs.club",
  "pk": 471,
  "fields": {
    "created_at": "2026-04-13T16:35:26.065Z",
    "updated_at": "2026-04-13T16:35:26.070Z",
    "slug": "new-york-red-bulls",
    "country": 9,
    "division": 18,
    "official_name": "Red Bull New York",
    "short_name": "New York Red Bulls",
    "state": "",
    "city": "Harrison",
    "founded_year": null,
    "badge_url": "",
    "status": "active",
    "notes": "Fonte oficial MLS Clubs consultada em 2026-04-13"
  }
},
{
  "model": "clubs.club",
  "pk": 472,
  "fields": {
    "created_at": "2026-04-13T16:35:26.077Z",
    "updated_at": "2026-04-13T16:35:26.083Z",
    "slug": "new-york-city-fc",
    "country": 9,
    "division": 18,
    "official_name": "New York City Football Club",
    "short_name": "New York City FC",
    "state": "",
    "city": "New York City",
    "founded_year": null,
    "badge_url": "",
    "status": "active",
    "notes": "Fonte oficial MLS Clubs consultada em 2026-04-13"
  }
},
{
  "model": "clubs.club",
  "pk": 473,
  "fields": {
    "created_at": "2026-04-13T16:35:26.089Z",
    "updated_at": "2026-04-13T16:35:26.096Z",
    "slug": "orlando-city",
    "country": 9,
    "division": 18,
    "official_name": "Orlando City",
    "short_name": "Orlando City",
    "state": "",
    "city": "Orlando",
    "founded_year": null,
    "badge_url": "",
    "status": "active",
    "notes": "Fonte oficial MLS Clubs consultada em 2026-04-13"
  }
},
{
  "model": "clubs.club",
  "pk": 474,
  "fields": {
    "created_at": "2026-04-13T16:35:26.101Z",
    "updated_at": "2026-04-13T16:35:26.106Z",
    "slug": "philadelphia-union",
    "country": 9,
    "division": 18,
    "official_name": "Philadelphia Union",
    "short_name": "Philadelphia Union",
    "state": "",
    "city": "Chester",
    "founded_year": null,
    "badge_url": "",
    "status": "active",
    "notes": "Fonte oficial MLS Clubs consultada em 2026-04-13"
  }
},
{
  "model": "clubs.club",
  "pk": 475,
  "fields": {
    "created_at": "2026-04-13T16:35:26.112Z",
    "updated_at": "2026-04-13T16:35:26.117Z",
    "slug": "portland-timbers",
    "country": 9,
    "division": 18,
    "official_name": "Portland Timbers",
    "short_name": "Portland Timbers",
    "state": "",
    "city": "Portland",
    "founded_year": null,
    "badge_url": "",
    "status": "active",
    "notes": "Fonte oficial MLS Clubs consultada em 2026-04-13"
  }
},
{
  "model": "clubs.club",
  "pk": 476,
  "fields": {
    "created_at": "2026-04-13T16:35:26.123Z",
    "updated_at": "2026-04-13T16:35:26.131Z",
    "slug": "real-salt-lake",
    "country": 9,
    "division": 18,
    "official_name": "Real Salt Lake",
    "short_name": "Real Salt Lake",
    "state": "",
    "city": "Sandy",
    "founded_year": null,
    "badge_url": "",
    "status": "active",
    "notes": "Fonte oficial MLS Clubs consultada em 2026-04-13"
  }
},
{
  "model": "clubs.club",
  "pk": 477,
  "fields": {
    "created_at": "2026-04-13T16:35:26.137Z",
    "updated_at": "2026-04-13T16:35:26.143Z",
    "slug": "san-diego-fc",
    "country": 9,
    "division": 18,
    "official_name": "San Diego Football Club",
    "short_name": "San Diego FC",
    "state": "",
    "city": "San Diego",
    "founded_year": null,
    "badge_url": "",
    "status": "active",
    "notes": "Fonte oficial MLS Clubs consultada em 2026-04-13"
  }
},
{
  "model": "clubs.club",
  "pk": 478,
  "fields": {
    "created_at": "2026-04-13T16:35:26.149Z",
    "updated_at": "2026-04-13T16:35:26.153Z",
    "slug": "san-jose-earthquakes",
    "country": 9,
    "division": 18,
    "official_name": "San Jose Earthquakes",
    "short_name": "San Jose Earthquakes",
    "state": "",
    "city": "San Jose",
    "founded_year": null,
    "badge_url": "",
    "status": "active",
    "notes": "Fonte oficial MLS Clubs consultada em 2026-04-13"
  }
},
{
  "model": "clubs.club",
  "pk": 479,
  "fields": {
    "created_at": "2026-04-13T16:35:26.161Z",
    "updated_at": "2026-04-13T16:35:26.166Z",
    "slug": "seattle-sounders",
    "country": 9,
    "division": 18,
    "official_name": "Seattle Sounders FC",
    "short_name": "Seattle Sounders",
    "state": "",
    "city": "Seattle",
    "founded_year": null,
    "badge_url": "",
    "status": "active",
    "notes": "Fonte oficial MLS Clubs consultada em 2026-04-13"
  }
},
{
  "model": "clubs.club",
  "pk": 480,
  "fields": {
    "created_at": "2026-04-13T16:35:26.172Z",
    "updated_at": "2026-04-13T16:35:26.179Z",
    "slug": "st-louis-city-sc",
    "country": 9,
    "division": 18,
    "official_name": "St. Louis CITY SC",
    "short_name": "St. Louis CITY SC",
    "state": "",
    "city": "St. Louis",
    "founded_year": null,
    "badge_url": "",
    "status": "active",
    "notes": "Fonte oficial MLS Clubs consultada em 2026-04-13"
  }
},
{
  "model": "clubs.club",
  "pk": 481,
  "fields": {
    "created_at": "2026-04-13T16:35:26.184Z",
    "updated_at": "2026-04-13T16:35:26.189Z",
    "slug": "toronto-fc",
    "country": 9,
    "division": 18,
    "official_name": "Toronto FC",
    "short_name": "Toronto FC",
    "state": "",
    "city": "Toronto",
    "founded_year": null,
    "badge_url": "",
    "status": "active",
    "notes": "Fonte oficial MLS Clubs consultada em 2026-04-13"
  }
},
{
  "model": "clubs.club",
  "pk": 482,
  "fields": {
    "created_at": "2026-04-13T16:35:26.195Z",
    "updated_at": "2026-04-13T16:35:26.200Z",
    "slug": "vancouver-whitecaps",
    "country": 9,
    "division": 18,
    "official_name": "Vancouver Whitecaps FC",
    "short_name": "Vancouver Whitecaps",
    "state": "",
    "city": "Vancouver",
    "founded_year": null,
    "badge_url": "",
    "status": "active",
    "notes": "Fonte oficial MLS Clubs consultada em 2026-04-13"
  }
},
{
  "model": "clubs.club",
  "pk": 483,
  "fields": {
    "created_at": "2026-04-13T16:35:26.205Z",
    "updated_at": "2026-04-13T16:35:26.211Z",
    "slug": "cf-montreal",
    "country": 9,
    "division": 18,
    "official_name": "CF Montréal",
    "short_name": "CF Montreal",
    "state": "",
    "city": "Montreal",
    "founded_year": null,
    "badge_url": "",
    "status": "active",
    "notes": "Fonte oficial MLS Clubs consultada em 2026-04-13"
  }
},
{
  "model": "clubs.club",
  "pk": 484,
  "fields": {
    "created_at": "2026-04-13T16:41:31.055Z",
    "updated_at": "2026-04-13T16:41:31.065Z",
    "slug": "argentinos-juniors",
    "country": 10,
    "division": 19,
    "official_name": "Argentinos Juniors",
    "short_name": "Argentinos Juniors",
    "state": "",
    "city": "Buenos Aires",
    "founded_year": null,
    "badge_url": "",
    "status": "active",
    "notes": "Fonte principal LPF/AFA 2026 com consolidação em 2026-04-13"
  }
},
{
  "model": "clubs.club",
  "pk": 485,
  "fields": {
    "created_at": "2026-04-13T16:41:31.071Z",
    "updated_at": "2026-04-13T16:41:31.082Z",
    "slug": "atletico-tucuman",
    "country": 10,
    "division": 19,
    "official_name": "Atletico Tucuman",
    "short_name": "Atletico Tucuman",
    "state": "",
    "city": "San Miguel de Tucuman",
    "founded_year": null,
    "badge_url": "",
    "status": "active",
    "notes": "Fonte principal LPF/AFA 2026 com consolidação em 2026-04-13"
  }
},
{
  "model": "clubs.club",
  "pk": 486,
  "fields": {
    "created_at": "2026-04-13T16:41:31.089Z",
    "updated_at": "2026-04-13T16:41:31.097Z",
    "slug": "banfield",
    "country": 10,
    "division": 19,
    "official_name": "Banfield",
    "short_name": "Banfield",
    "state": "",
    "city": "Banfield",
    "founded_year": null,
    "badge_url": "",
    "status": "active",
    "notes": "Fonte principal LPF/AFA 2026 com consolidação em 2026-04-13"
  }
},
{
  "model": "clubs.club",
  "pk": 487,
  "fields": {
    "created_at": "2026-04-13T16:41:31.103Z",
    "updated_at": "2026-04-13T16:41:31.114Z",
    "slug": "barracas-central",
    "country": 10,
    "division": 19,
    "official_name": "Barracas Central",
    "short_name": "Barracas Central",
    "state": "",
    "city": "Buenos Aires",
    "founded_year": null,
    "badge_url": "",
    "status": "active",
    "notes": "Fonte principal LPF/AFA 2026 com consolidação em 2026-04-13"
  }
},
{
  "model": "clubs.club",
  "pk": 488,
  "fields": {
    "created_at": "2026-04-13T16:41:31.126Z",
    "updated_at": "2026-04-13T16:41:31.231Z",
    "slug": "belgrano",
    "country": 10,
    "division": 19,
    "official_name": "Belgrano",
    "short_name": "Belgrano",
    "state": "",
    "city": "Cordoba",
    "founded_year": null,
    "badge_url": "",
    "status": "active",
    "notes": "Fonte principal LPF/AFA 2026 com consolidação em 2026-04-13"
  }
},
{
  "model": "clubs.club",
  "pk": 489,
  "fields": {
    "created_at": "2026-04-13T16:41:31.240Z",
    "updated_at": "2026-04-13T16:41:31.248Z",
    "slug": "boca-juniors",
    "country": 10,
    "division": 19,
    "official_name": "Boca Juniors",
    "short_name": "Boca Juniors",
    "state": "",
    "city": "Buenos Aires",
    "founded_year": null,
    "badge_url": "",
    "status": "active",
    "notes": "Fonte principal LPF/AFA 2026 com consolidação em 2026-04-13"
  }
},
{
  "model": "clubs.club",
  "pk": 490,
  "fields": {
    "created_at": "2026-04-13T16:41:31.258Z",
    "updated_at": "2026-04-13T16:41:31.295Z",
    "slug": "central-cordoba",
    "country": 10,
    "division": 19,
    "official_name": "Central Cordoba",
    "short_name": "Central Cordoba",
    "state": "",
    "city": "Santiago del Estero",
    "founded_year": null,
    "badge_url": "",
    "status": "active",
    "notes": "Fonte principal LPF/AFA 2026 com consolidação em 2026-04-13"
  }
},
{
  "model": "clubs.club",
  "pk": 491,
  "fields": {
    "created_at": "2026-04-13T16:41:31.309Z",
    "updated_at": "2026-04-13T16:41:31.320Z",
    "slug": "defensa-y-justicia",
    "country": 10,
    "division": 19,
    "official_name": "Defensa y Justicia",
    "short_name": "Defensa y Justicia",
    "state": "",
    "city": "Florencio Varela",
    "founded_year": null,
    "badge_url": "",
    "status": "active",
    "notes": "Fonte principal LPF/AFA 2026 com consolidação em 2026-04-13"
  }
},
{
  "model": "clubs.club",
  "pk": 492,
  "fields": {
    "created_at": "2026-04-13T16:41:31.332Z",
    "updated_at": "2026-04-13T16:41:31.339Z",
    "slug": "riestra",
    "country": 10,
    "division": 19,
    "official_name": "Deportivo Riestra",
    "short_name": "Riestra",
    "state": "",
    "city": "Buenos Aires",
    "founded_year": null,
    "badge_url": "",
    "status": "active",
    "notes": "Fonte principal LPF/AFA 2026 com consolidação em 2026-04-13"
  }
},
{
  "model": "clubs.club",
  "pk": 493,
  "fields": {
    "created_at": "2026-04-13T16:41:31.348Z",
    "updated_at": "2026-04-13T16:41:31.355Z",
    "slug": "estudiantes",
    "country": 10,
    "division": 19,
    "official_name": "Estudiantes de La Plata",
    "short_name": "Estudiantes",
    "state": "",
    "city": "La Plata",
    "founded_year": null,
    "badge_url": "",
    "status": "active",
    "notes": "Fonte principal LPF/AFA 2026 com consolidação em 2026-04-13"
  }
},
{
  "model": "clubs.club",
  "pk": 494,
  "fields": {
    "created_at": "2026-04-13T16:41:31.366Z",
    "updated_at": "2026-04-13T16:41:31.372Z",
    "slug": "gimnasia-lp",
    "country": 10,
    "division": 19,
    "official_name": "Gimnasia y Esgrima La Plata",
    "short_name": "Gimnasia LP",
    "state": "",
    "city": "La Plata",
    "founded_year": null,
    "badge_url": "",
    "status": "active",
    "notes": "Fonte principal LPF/AFA 2026 com consolidação em 2026-04-13"
  }
},
{
  "model": "clubs.club",
  "pk": 495,
  "fields": {
    "created_at": "2026-04-13T16:41:31.381Z",
    "updated_at": "2026-04-13T16:41:31.388Z",
    "slug": "huracan",
    "country": 10,
    "division": 19,
    "official_name": "Huracan",
    "short_name": "Huracan",
    "state": "",
    "city": "Buenos Aires",
    "founded_year": null,
    "badge_url": "",
    "status": "active",
    "notes": "Fonte principal LPF/AFA 2026 com consolidação em 2026-04-13"
  }
},
{
  "model": "clubs.club",
  "pk": 496,
  "fields": {
    "created_at": "2026-04-13T16:41:31.401Z",
    "updated_at": "2026-04-13T16:41:31.409Z",
    "slug": "independiente",
    "country": 10,
    "division": 19,
    "official_name": "Independiente",
    "short_name": "Independiente",
    "state": "",
    "city": "Avellaneda",
    "founded_year": null,
    "badge_url": "",
    "status": "active",
    "notes": "Fonte principal LPF/AFA 2026 com consolidação em 2026-04-13"
  }
},
{
  "model": "clubs.club",
  "pk": 497,
  "fields": {
    "created_at": "2026-04-13T16:41:31.418Z",
    "updated_at": "2026-04-13T16:41:31.425Z",
    "slug": "independiente-rivadavia",
    "country": 10,
    "division": 19,
    "official_name": "Independiente Rivadavia",
    "short_name": "Independiente Rivadavia",
    "state": "",
    "city": "Mendoza",
    "founded_year": null,
    "badge_url": "",
    "status": "active",
    "notes": "Fonte principal LPF/AFA 2026 com consolidação em 2026-04-13"
  }
},
{
  "model": "clubs.club",
  "pk": 498,
  "fields": {
    "created_at": "2026-04-13T16:41:31.435Z",
    "updated_at": "2026-04-13T16:41:31.444Z",
    "slug": "instituto",
    "country": 10,
    "division": 19,
    "official_name": "Instituto",
    "short_name": "Instituto",
    "state": "",
    "city": "Cordoba",
    "founded_year": null,
    "badge_url": "",
    "status": "active",
    "notes": "Fonte principal LPF/AFA 2026 com consolidação em 2026-04-13"
  }
},
{
  "model": "clubs.club",
  "pk": 499,
  "fields": {
    "created_at": "2026-04-13T16:41:31.453Z",
    "updated_at": "2026-04-13T16:41:31.461Z",
    "slug": "lanus",
    "country": 10,
    "division": 19,
    "official_name": "Lanus",
    "short_name": "Lanus",
    "state": "",
    "city": "Lanus",
    "founded_year": null,
    "badge_url": "",
    "status": "active",
    "notes": "Fonte principal LPF/AFA 2026 com consolidação em 2026-04-13"
  }
},
{
  "model": "clubs.club",
  "pk": 500,
  "fields": {
    "created_at": "2026-04-13T16:41:31.468Z",
    "updated_at": "2026-04-13T16:41:31.477Z",
    "slug": "newells",
    "country": 10,
    "division": 19,
    "official_name": "Newell's Old Boys",
    "short_name": "Newells",
    "state": "",
    "city": "Rosario",
    "founded_year": null,
    "badge_url": "",
    "status": "active",
    "notes": "Fonte principal LPF/AFA 2026 com consolidação em 2026-04-13"
  }
},
{
  "model": "clubs.club",
  "pk": 501,
  "fields": {
    "created_at": "2026-04-13T16:41:31.488Z",
    "updated_at": "2026-04-13T16:41:31.498Z",
    "slug": "platense",
    "country": 10,
    "division": 19,
    "official_name": "Platense",
    "short_name": "Platense",
    "state": "",
    "city": "Florida",
    "founded_year": null,
    "badge_url": "",
    "status": "active",
    "notes": "Fonte principal LPF/AFA 2026 com consolidação em 2026-04-13"
  }
},
{
  "model": "clubs.club",
  "pk": 502,
  "fields": {
    "created_at": "2026-04-13T16:41:31.505Z",
    "updated_at": "2026-04-13T16:41:31.515Z",
    "slug": "racing-club",
    "country": 10,
    "division": 19,
    "official_name": "Racing Club",
    "short_name": "Racing Club",
    "state": "",
    "city": "Avellaneda",
    "founded_year": null,
    "badge_url": "",
    "status": "active",
    "notes": "Fonte principal LPF/AFA 2026 com consolidação em 2026-04-13"
  }
},
{
  "model": "clubs.club",
  "pk": 503,
  "fields": {
    "created_at": "2026-04-13T16:41:31.524Z",
    "updated_at": "2026-04-13T16:41:31.533Z",
    "slug": "river-plate",
    "country": 10,
    "division": 19,
    "official_name": "River Plate",
    "short_name": "River Plate",
    "state": "",
    "city": "Buenos Aires",
    "founded_year": null,
    "badge_url": "",
    "status": "active",
    "notes": "Fonte principal LPF/AFA 2026 com consolidação em 2026-04-13"
  }
},
{
  "model": "clubs.club",
  "pk": 504,
  "fields": {
    "created_at": "2026-04-13T16:41:31.544Z",
    "updated_at": "2026-04-13T16:41:31.555Z",
    "slug": "rosario-central",
    "country": 10,
    "division": 19,
    "official_name": "Rosario Central",
    "short_name": "Rosario Central",
    "state": "",
    "city": "Rosario",
    "founded_year": null,
    "badge_url": "",
    "status": "active",
    "notes": "Fonte principal LPF/AFA 2026 com consolidação em 2026-04-13"
  }
},
{
  "model": "clubs.club",
  "pk": 505,
  "fields": {
    "created_at": "2026-04-13T16:41:31.567Z",
    "updated_at": "2026-04-13T16:41:31.579Z",
    "slug": "san-lorenzo",
    "country": 10,
    "division": 19,
    "official_name": "San Lorenzo",
    "short_name": "San Lorenzo",
    "state": "",
    "city": "Buenos Aires",
    "founded_year": null,
    "badge_url": "",
    "status": "active",
    "notes": "Fonte principal LPF/AFA 2026 com consolidação em 2026-04-13"
  }
},
{
  "model": "clubs.club",
  "pk": 506,
  "fields": {
    "created_at": "2026-04-13T16:41:31.589Z",
    "updated_at": "2026-04-13T16:41:31.601Z",
    "slug": "sarmiento",
    "country": 10,
    "division": 19,
    "official_name": "Sarmiento",
    "short_name": "Sarmiento",
    "state": "",
    "city": "Junin",
    "founded_year": null,
    "badge_url": "",
    "status": "active",
    "notes": "Fonte principal LPF/AFA 2026 com consolidação em 2026-04-13"
  }
},
{
  "model": "clubs.club",
  "pk": 507,
  "fields": {
    "created_at": "2026-04-13T16:41:31.609Z",
    "updated_at": "2026-04-13T16:41:31.617Z",
    "slug": "talleres",
    "country": 10,
    "division": 19,
    "official_name": "Talleres de Cordoba",
    "short_name": "Talleres",
    "state": "",
    "city": "Cordoba",
    "founded_year": null,
    "badge_url": "",
    "status": "active",
    "notes": "Fonte principal LPF/AFA 2026 com consolidação em 2026-04-13"
  }
},
{
  "model": "clubs.club",
  "pk": 508,
  "fields": {
    "created_at": "2026-04-13T16:41:31.626Z",
    "updated_at": "2026-04-13T16:41:31.635Z",
    "slug": "tigre",
    "country": 10,
    "division": 19,
    "official_name": "Tigre",
    "short_name": "Tigre",
    "state": "",
    "city": "Victoria",
    "founded_year": null,
    "badge_url": "",
    "status": "active",
    "notes": "Fonte principal LPF/AFA 2026 com consolidação em 2026-04-13"
  }
},
{
  "model": "clubs.club",
  "pk": 509,
  "fields": {
    "created_at": "2026-04-13T16:41:31.647Z",
    "updated_at": "2026-04-13T16:41:31.654Z",
    "slug": "union",
    "country": 10,
    "division": 19,
    "official_name": "Union de Santa Fe",
    "short_name": "Union",
    "state": "",
    "city": "Santa Fe",
    "founded_year": null,
    "badge_url": "",
    "status": "active",
    "notes": "Fonte principal LPF/AFA 2026 com consolidação em 2026-04-13"
  }
},
{
  "model": "clubs.club",
  "pk": 510,
  "fields": {
    "created_at": "2026-04-13T16:41:31.664Z",
    "updated_at": "2026-04-13T16:41:31.672Z",
    "slug": "velez",
    "country": 10,
    "division": 19,
    "official_name": "Velez Sarsfield",
    "short_name": "Velez",
    "state": "",
    "city": "Buenos Aires",
    "founded_year": null,
    "badge_url": "",
    "status": "active",
    "notes": "Fonte principal LPF/AFA 2026 com consolidação em 2026-04-13"
  }
},
{
  "model": "clubs.club",
  "pk": 511,
  "fields": {
    "created_at": "2026-04-13T16:41:31.681Z",
    "updated_at": "2026-04-13T16:41:31.687Z",
    "slug": "godoy-cruz",
    "country": 10,
    "division": 19,
    "official_name": "Godoy Cruz",
    "short_name": "Godoy Cruz",
    "state": "",
    "city": "Mendoza",
    "founded_year": null,
    "badge_url": "",
    "status": "active",
    "notes": "Fonte principal LPF/AFA 2026 com consolidação em 2026-04-13"
  }
},
{
  "model": "clubs.club",
  "pk": 512,
  "fields": {
    "created_at": "2026-04-13T16:41:31.696Z",
    "updated_at": "2026-04-13T16:41:31.701Z",
    "slug": "san-martin-sj",
    "country": 10,
    "division": 19,
    "official_name": "San Martin de San Juan",
    "short_name": "San Martin SJ",
    "state": "",
    "city": "San Juan",
    "founded_year": null,
    "badge_url": "",
    "status": "active",
    "notes": "Fonte principal LPF/AFA 2026 com consolidação em 2026-04-13"
  }
},
{
  "model": "clubs.club",
  "pk": 513,
  "fields": {
    "created_at": "2026-04-13T16:41:31.708Z",
    "updated_at": "2026-04-13T16:41:31.715Z",
    "slug": "aldosivi",
    "country": 10,
    "division": 19,
    "official_name": "Aldosivi",
    "short_name": "Aldosivi",
    "state": "",
    "city": "Mar del Plata",
    "founded_year": null,
    "badge_url": "",
    "status": "active",
    "notes": "Fonte principal LPF/AFA 2026 com consolidação em 2026-04-13"
  }
},
{
  "model": "clubs.club",
  "pk": 514,
  "fields": {
    "created_at": "2026-04-13T16:41:31.722Z",
    "updated_at": "2026-04-13T16:41:31.730Z",
    "slug": "america-2",
    "country": 11,
    "division": 20,
    "official_name": "America",
    "short_name": "America",
    "state": "",
    "city": "Mexico City",
    "founded_year": null,
    "badge_url": "",
    "status": "active",
    "notes": "Fonte principal Liga MX 2025-2026 com consolidação em 2026-04-13"
  }
},
{
  "model": "clubs.club",
  "pk": 515,
  "fields": {
    "created_at": "2026-04-13T16:41:31.737Z",
    "updated_at": "2026-04-13T16:41:31.747Z",
    "slug": "atlas",
    "country": 11,
    "division": 20,
    "official_name": "Atlas",
    "short_name": "Atlas",
    "state": "",
    "city": "Guadalajara",
    "founded_year": null,
    "badge_url": "",
    "status": "active",
    "notes": "Fonte principal Liga MX 2025-2026 com consolidação em 2026-04-13"
  }
},
{
  "model": "clubs.club",
  "pk": 516,
  "fields": {
    "created_at": "2026-04-13T16:41:31.755Z",
    "updated_at": "2026-04-13T16:41:31.765Z",
    "slug": "atletico-san-luis",
    "country": 11,
    "division": 20,
    "official_name": "Atletico de San Luis",
    "short_name": "Atletico San Luis",
    "state": "",
    "city": "San Luis Potosi",
    "founded_year": null,
    "badge_url": "",
    "status": "active",
    "notes": "Fonte principal Liga MX 2025-2026 com consolidação em 2026-04-13"
  }
},
{
  "model": "clubs.club",
  "pk": 517,
  "fields": {
    "created_at": "2026-04-13T16:41:31.773Z",
    "updated_at": "2026-04-13T16:41:31.781Z",
    "slug": "cruz-azul",
    "country": 11,
    "division": 20,
    "official_name": "Cruz Azul",
    "short_name": "Cruz Azul",
    "state": "",
    "city": "Mexico City",
    "founded_year": null,
    "badge_url": "",
    "status": "active",
    "notes": "Fonte principal Liga MX 2025-2026 com consolidação em 2026-04-13"
  }
},
{
  "model": "clubs.club",
  "pk": 518,
  "fields": {
    "created_at": "2026-04-13T16:41:31.788Z",
    "updated_at": "2026-04-13T16:41:31.796Z",
    "slug": "juarez",
    "country": 11,
    "division": 20,
    "official_name": "FC Juarez",
    "short_name": "Juarez",
    "state": "",
    "city": "Ciudad Juarez",
    "founded_year": null,
    "badge_url": "",
    "status": "active",
    "notes": "Fonte principal Liga MX 2025-2026 com consolidação em 2026-04-13"
  }
},
{
  "model": "clubs.club",
  "pk": 519,
  "fields": {
    "created_at": "2026-04-13T16:41:31.803Z",
    "updated_at": "2026-04-13T16:41:31.811Z",
    "slug": "chivas",
    "country": 11,
    "division": 20,
    "official_name": "Guadalajara",
    "short_name": "Chivas",
    "state": "",
    "city": "Guadalajara",
    "founded_year": null,
    "badge_url": "",
    "status": "active",
    "notes": "Fonte principal Liga MX 2025-2026 com consolidação em 2026-04-13"
  }
},
{
  "model": "clubs.club",
  "pk": 520,
  "fields": {
    "created_at": "2026-04-13T16:41:31.819Z",
    "updated_at": "2026-04-13T16:41:31.827Z",
    "slug": "leon",
    "country": 11,
    "division": 20,
    "official_name": "Leon",
    "short_name": "Leon",
    "state": "",
    "city": "Leon",
    "founded_year": null,
    "badge_url": "",
    "status": "active",
    "notes": "Fonte principal Liga MX 2025-2026 com consolidação em 2026-04-13"
  }
},
{
  "model": "clubs.club",
  "pk": 521,
  "fields": {
    "created_at": "2026-04-13T16:41:31.835Z",
    "updated_at": "2026-04-13T16:41:31.843Z",
    "slug": "mazatlan",
    "country": 11,
    "division": 20,
    "official_name": "Mazatlan FC",
    "short_name": "Mazatlan",
    "state": "",
    "city": "Mazatlan",
    "founded_year": null,
    "badge_url": "",
    "status": "active",
    "notes": "Fonte principal Liga MX 2025-2026 com consolidação em 2026-04-13"
  }
},
{
  "model": "clubs.club",
  "pk": 522,
  "fields": {
    "created_at": "2026-04-13T16:41:31.850Z",
    "updated_at": "2026-04-13T16:41:31.857Z",
    "slug": "monterrey",
    "country": 11,
    "division": 20,
    "official_name": "Monterrey",
    "short_name": "Monterrey",
    "state": "",
    "city": "Monterrey",
    "founded_year": null,
    "badge_url": "",
    "status": "active",
    "notes": "Fonte principal Liga MX 2025-2026 com consolidação em 2026-04-13"
  }
},
{
  "model": "clubs.club",
  "pk": 523,
  "fields": {
    "created_at": "2026-04-13T16:41:31.865Z",
    "updated_at": "2026-04-13T16:41:31.873Z",
    "slug": "necaxa",
    "country": 11,
    "division": 20,
    "official_name": "Necaxa",
    "short_name": "Necaxa",
    "state": "",
    "city": "Aguascalientes",
    "founded_year": null,
    "badge_url": "",
    "status": "active",
    "notes": "Fonte principal Liga MX 2025-2026 com consolidação em 2026-04-13"
  }
},
{
  "model": "clubs.club",
  "pk": 524,
  "fields": {
    "created_at": "2026-04-13T16:41:31.880Z",
    "updated_at": "2026-04-13T16:41:31.885Z",
    "slug": "pachuca",
    "country": 11,
    "division": 20,
    "official_name": "Pachuca",
    "short_name": "Pachuca",
    "state": "",
    "city": "Pachuca",
    "founded_year": null,
    "badge_url": "",
    "status": "active",
    "notes": "Fonte principal Liga MX 2025-2026 com consolidação em 2026-04-13"
  }
},
{
  "model": "clubs.club",
  "pk": 525,
  "fields": {
    "created_at": "2026-04-13T16:41:31.892Z",
    "updated_at": "2026-04-13T16:41:31.900Z",
    "slug": "puebla",
    "country": 11,
    "division": 20,
    "official_name": "Puebla",
    "short_name": "Puebla",
    "state": "",
    "city": "Puebla",
    "founded_year": null,
    "badge_url": "",
    "status": "active",
    "notes": "Fonte principal Liga MX 2025-2026 com consolidação em 2026-04-13"
  }
},
{
  "model": "clubs.club",
  "pk": 526,
  "fields": {
    "created_at": "2026-04-13T16:41:31.905Z",
    "updated_at": "2026-04-13T16:41:31.914Z",
    "slug": "queretaro",
    "country": 11,
    "division": 20,
    "official_name": "Queretaro",
    "short_name": "Queretaro",
    "state": "",
    "city": "Queretaro",
    "founded_year": null,
    "badge_url": "",
    "status": "active",
    "notes": "Fonte principal Liga MX 2025-2026 com consolidação em 2026-04-13"
  }
},
{
  "model": "clubs.club",
  "pk": 527,
  "fields": {
    "created_at": "2026-04-13T16:41:31.923Z",
    "updated_at": "2026-04-13T16:41:31.932Z",
    "slug": "santos-laguna",
    "country": 11,
    "division": 20,
    "official_name": "Santos Laguna",
    "short_name": "Santos Laguna",
    "state": "",
    "city": "Torreon",
    "founded_year": null,
    "badge_url": "",
    "status": "active",
    "notes": "Fonte principal Liga MX 2025-2026 com consolidação em 2026-04-13"
  }
},
{
  "model": "clubs.club",
  "pk": 528,
  "fields": {
    "created_at": "2026-04-13T16:41:31.939Z",
    "updated_at": "2026-04-13T16:41:31.948Z",
    "slug": "tigres",
    "country": 11,
    "division": 20,
    "official_name": "Tigres UANL",
    "short_name": "Tigres",
    "state": "",
    "city": "San Nicolas de los Garza",
    "founded_year": null,
    "badge_url": "",
    "status": "active",
    "notes": "Fonte principal Liga MX 2025-2026 com consolidação em 2026-04-13"
  }
},
{
  "model": "clubs.club",
  "pk": 529,
  "fields": {
    "created_at": "2026-04-13T16:41:31.956Z",
    "updated_at": "2026-04-13T16:41:31.973Z",
    "slug": "tijuana",
    "country": 11,
    "division": 20,
    "official_name": "Tijuana",
    "short_name": "Tijuana",
    "state": "",
    "city": "Tijuana",
    "founded_year": null,
    "badge_url": "",
    "status": "active",
    "notes": "Fonte principal Liga MX 2025-2026 com consolidação em 2026-04-13"
  }
},
{
  "model": "clubs.club",
  "pk": 530,
  "fields": {
    "created_at": "2026-04-13T16:41:31.991Z",
    "updated_at": "2026-04-13T16:41:32Z",
    "slug": "toluca",
    "country": 11,
    "division": 20,
    "official_name": "Toluca",
    "short_name": "Toluca",
    "state": "",
    "city": "Toluca",
    "founded_year": null,
    "badge_url": "",
    "status": "active",
    "notes": "Fonte principal Liga MX 2025-2026 com consolidação em 2026-04-13"
  }
},
{
  "model": "clubs.club",
  "pk": 531,
  "fields": {
    "created_at": "2026-04-13T16:41:32.012Z",
    "updated_at": "2026-04-13T16:41:32.021Z",
    "slug": "pumas",
    "country": 11,
    "division": 20,
    "official_name": "Universidad Nacional",
    "short_name": "Pumas",
    "state": "",
    "city": "Mexico City",
    "founded_year": null,
    "badge_url": "",
    "status": "active",
    "notes": "Fonte principal Liga MX 2025-2026 com consolidação em 2026-04-13"
  }
},
{
  "model": "clubs.club",
  "pk": 532,
  "fields": {
    "created_at": "2026-04-13T16:41:32.030Z",
    "updated_at": "2026-04-13T16:41:32.039Z",
    "slug": "ajax",
    "country": 12,
    "division": 21,
    "official_name": "Ajax",
    "short_name": "Ajax",
    "state": "",
    "city": "Amsterdam",
    "founded_year": null,
    "badge_url": "",
    "status": "active",
    "notes": "Fonte oficial Eredivisie 2025-2026 com consolidação em 2026-04-13"
  }
},
{
  "model": "clubs.club",
  "pk": 533,
  "fields": {
    "created_at": "2026-04-13T16:41:32.048Z",
    "updated_at": "2026-04-13T16:41:32.057Z",
    "slug": "az",
    "country": 12,
    "division": 21,
    "official_name": "AZ",
    "short_name": "AZ",
    "state": "",
    "city": "Alkmaar",
    "founded_year": null,
    "badge_url": "",
    "status": "active",
    "notes": "Fonte oficial Eredivisie 2025-2026 com consolidação em 2026-04-13"
  }
},
{
  "model": "clubs.club",
  "pk": 534,
  "fields": {
    "created_at": "2026-04-13T16:41:32.067Z",
    "updated_at": "2026-04-13T16:41:32.076Z",
    "slug": "excelsior",
    "country": 12,
    "division": 21,
    "official_name": "Excelsior",
    "short_name": "Excelsior",
    "state": "",
    "city": "Rotterdam",
    "founded_year": null,
    "badge_url": "",
    "status": "active",
    "notes": "Fonte oficial Eredivisie 2025-2026 com consolidação em 2026-04-13"
  }
},
{
  "model": "clubs.club",
  "pk": 535,
  "fields": {
    "created_at": "2026-04-13T16:41:32.085Z",
    "updated_at": "2026-04-13T16:41:32.095Z",
    "slug": "groningen",
    "country": 12,
    "division": 21,
    "official_name": "FC Groningen",
    "short_name": "Groningen",
    "state": "",
    "city": "Groningen",
    "founded_year": null,
    "badge_url": "",
    "status": "active",
    "notes": "Fonte oficial Eredivisie 2025-2026 com consolidação em 2026-04-13"
  }
},
{
  "model": "clubs.club",
  "pk": 536,
  "fields": {
    "created_at": "2026-04-13T16:41:32.103Z",
    "updated_at": "2026-04-13T16:41:32.111Z",
    "slug": "twente",
    "country": 12,
    "division": 21,
    "official_name": "FC Twente",
    "short_name": "Twente",
    "state": "",
    "city": "Enschede",
    "founded_year": null,
    "badge_url": "",
    "status": "active",
    "notes": "Fonte oficial Eredivisie 2025-2026 com consolidação em 2026-04-13"
  }
},
{
  "model": "clubs.club",
  "pk": 537,
  "fields": {
    "created_at": "2026-04-13T16:41:32.118Z",
    "updated_at": "2026-04-13T16:41:32.125Z",
    "slug": "utrecht",
    "country": 12,
    "division": 21,
    "official_name": "FC Utrecht",
    "short_name": "Utrecht",
    "state": "",
    "city": "Utrecht",
    "founded_year": null,
    "badge_url": "",
    "status": "active",
    "notes": "Fonte oficial Eredivisie 2025-2026 com consolidação em 2026-04-13"
  }
},
{
  "model": "clubs.club",
  "pk": 538,
  "fields": {
    "created_at": "2026-04-13T16:41:32.132Z",
    "updated_at": "2026-04-13T16:41:32.139Z",
    "slug": "feyenoord",
    "country": 12,
    "division": 21,
    "official_name": "Feyenoord",
    "short_name": "Feyenoord",
    "state": "",
    "city": "Rotterdam",
    "founded_year": null,
    "badge_url": "",
    "status": "active",
    "notes": "Fonte oficial Eredivisie 2025-2026 com consolidação em 2026-04-13"
  }
},
{
  "model": "clubs.club",
  "pk": 539,
  "fields": {
    "created_at": "2026-04-13T16:41:32.150Z",
    "updated_at": "2026-04-13T16:41:32.159Z",
    "slug": "fortuna-sittard",
    "country": 12,
    "division": 21,
    "official_name": "Fortuna Sittard",
    "short_name": "Fortuna Sittard",
    "state": "",
    "city": "Sittard",
    "founded_year": null,
    "badge_url": "",
    "status": "active",
    "notes": "Fonte oficial Eredivisie 2025-2026 com consolidação em 2026-04-13"
  }
},
{
  "model": "clubs.club",
  "pk": 540,
  "fields": {
    "created_at": "2026-04-13T16:41:32.166Z",
    "updated_at": "2026-04-13T16:41:32.172Z",
    "slug": "go-ahead-eagles",
    "country": 12,
    "division": 21,
    "official_name": "Go Ahead Eagles",
    "short_name": "Go Ahead Eagles",
    "state": "",
    "city": "Deventer",
    "founded_year": null,
    "badge_url": "",
    "status": "active",
    "notes": "Fonte oficial Eredivisie 2025-2026 com consolidação em 2026-04-13"
  }
},
{
  "model": "clubs.club",
  "pk": 541,
  "fields": {
    "created_at": "2026-04-13T16:41:32.181Z",
    "updated_at": "2026-04-13T16:41:32.189Z",
    "slug": "heerenveen",
    "country": 12,
    "division": 21,
    "official_name": "Heerenveen",
    "short_name": "Heerenveen",
    "state": "",
    "city": "Heerenveen",
    "founded_year": null,
    "badge_url": "",
    "status": "active",
    "notes": "Fonte oficial Eredivisie 2025-2026 com consolidação em 2026-04-13"
  }
},
{
  "model": "clubs.club",
  "pk": 542,
  "fields": {
    "created_at": "2026-04-13T16:41:32.199Z",
    "updated_at": "2026-04-13T16:41:32.205Z",
    "slug": "heracles",
    "country": 12,
    "division": 21,
    "official_name": "Heracles Almelo",
    "short_name": "Heracles",
    "state": "",
    "city": "Almelo",
    "founded_year": null,
    "badge_url": "",
    "status": "active",
    "notes": "Fonte oficial Eredivisie 2025-2026 com consolidação em 2026-04-13"
  }
},
{
  "model": "clubs.club",
  "pk": 543,
  "fields": {
    "created_at": "2026-04-13T16:41:32.212Z",
    "updated_at": "2026-04-13T16:41:32.217Z",
    "slug": "nac-breda",
    "country": 12,
    "division": 21,
    "official_name": "NAC Breda",
    "short_name": "NAC Breda",
    "state": "",
    "city": "Breda",
    "founded_year": null,
    "badge_url": "",
    "status": "active",
    "notes": "Fonte oficial Eredivisie 2025-2026 com consolidação em 2026-04-13"
  }
},
{
  "model": "clubs.club",
  "pk": 544,
  "fields": {
    "created_at": "2026-04-13T16:41:32.222Z",
    "updated_at": "2026-04-13T16:41:32.231Z",
    "slug": "nec",
    "country": 12,
    "division": 21,
    "official_name": "NEC Nijmegen",
    "short_name": "NEC",
    "state": "",
    "city": "Nijmegen",
    "founded_year": null,
    "badge_url": "",
    "status": "active",
    "notes": "Fonte oficial Eredivisie 2025-2026 com consolidação em 2026-04-13"
  }
},
{
  "model": "clubs.club",
  "pk": 545,
  "fields": {
    "created_at": "2026-04-13T16:41:32.237Z",
    "updated_at": "2026-04-13T16:41:32.243Z",
    "slug": "psv",
    "country": 12,
    "division": 21,
    "official_name": "PSV",
    "short_name": "PSV",
    "state": "",
    "city": "Eindhoven",
    "founded_year": null,
    "badge_url": "",
    "status": "active",
    "notes": "Fonte oficial Eredivisie 2025-2026 com consolidação em 2026-04-13"
  }
},
{
  "model": "clubs.club",
  "pk": 546,
  "fields": {
    "created_at": "2026-04-13T16:41:32.250Z",
    "updated_at": "2026-04-13T16:41:32.256Z",
    "slug": "sparta-rotterdam",
    "country": 12,
    "division": 21,
    "official_name": "Sparta Rotterdam",
    "short_name": "Sparta Rotterdam",
    "state": "",
    "city": "Rotterdam",
    "founded_year": null,
    "badge_url": "",
    "status": "active",
    "notes": "Fonte oficial Eredivisie 2025-2026 com consolidação em 2026-04-13"
  }
},
{
  "model": "clubs.club",
  "pk": 547,
  "fields": {
    "created_at": "2026-04-13T16:41:32.263Z",
    "updated_at": "2026-04-13T16:41:32.269Z",
    "slug": "telstar",
    "country": 12,
    "division": 21,
    "official_name": "Telstar",
    "short_name": "Telstar",
    "state": "",
    "city": "Velsen",
    "founded_year": null,
    "badge_url": "",
    "status": "active",
    "notes": "Fonte oficial Eredivisie 2025-2026 com consolidação em 2026-04-13"
  }
},
{
  "model": "clubs.club",
  "pk": 548,
  "fields": {
    "created_at": "2026-04-13T16:41:32.277Z",
    "updated_at": "2026-04-13T16:41:32.283Z",
    "slug": "pec-zwolle",
    "country": 12,
    "division": 21,
    "official_name": "PEC Zwolle",
    "short_name": "PEC Zwolle",
    "state": "",
    "city": "Zwolle",
    "founded_year": null,
    "badge_url": "",
    "status": "active",
    "notes": "Fonte oficial Eredivisie 2025-2026 com consolidação em 2026-04-13"
  }
},
{
  "model": "clubs.club",
  "pk": 549,
  "fields": {
    "created_at": "2026-04-13T16:41:32.289Z",
    "updated_at": "2026-04-13T16:41:32.294Z",
    "slug": "cambuur",
    "country": 12,
    "division": 21,
    "official_name": "SC Cambuur",
    "short_name": "Cambuur",
    "state": "",
    "city": "Leeuwarden",
    "founded_year": null,
    "badge_url": "",
    "status": "active",
    "notes": "Fonte oficial Eredivisie 2025-2026 com consolidação em 2026-04-13"
  }
},
{
  "model": "valuation.user",
  "pk": 1,
  "fields": {
    "email": "marciolima@hbelevensocial.com",
    "password_hash": "pbkdf2_sha256$1000000$hvFeizcdpUKB7aFQ9HMwSH$sXAsYOEfSrla/6vxRZ9id3tOJ9fdKdkQrUm2oaofN1E="
  }
},
{
  "model": "valuation.user",
  "pk": 2,
  "fields": {
    "email": "georgialhsantos@gmail.com",
    "password_hash": "pbkdf2_sha256$1000000$X8AY3JSzd6tG0B3YFcNrpz$Tda/TUssCu7i6tYqtERK3xm+UK4k0nW4Mwp+agtI5iA="
  }
},
{
  "model": "valuation.user",
  "pk": 3,
  "fields": {
    "email": "tmp@test.com",
    "password_hash": "pbkdf2_sha256$1000000$b8Cic1pvVQQlZPdfT7IRuZ$Z4UUMNCK555LRqc2iTHDol/MErq9dcSToQbXsvCKYP8="
  }
},
{
  "model": "valuation.user",
  "pk": 4,
  "fields": {
    "email": "geral@hbelevensocial.com",
    "password_hash": "pbkdf2_sha256$1000000$TAZY7tJjrJ9ATR7yEXqi7I$kOkS7RW6YTie6nsk6Bivhh/dy8WYt43ifcSX5Ultvms="
  }
},
{
  "model": "valuation.player",
  "pk": 1,
  "fields": {
    "user": 2,
    "name": "Benjamin dos Santos",
    "public_name": "",
    "age": 16,
    "birth_date": null,
    "nationality": "",
    "position": "Atacante",
    "secondary_positions": [],
    "dominant_foot": "",
    "height_cm": null,
    "weight_kg": null,
    "current_value": "0.00",
    "league_level": "sub-20",
    "club_origin": "Gremio",
    "category": "",
    "contract_months_remaining": null,
    "squad_status": "",
    "athlete_objectives": [],
    "training_environment_score": 0.0,
    "trajectory_score": 0.0,
    "profile_notes": "",
    "division_reference": null,
    "club_reference": null
  }
},
{
  "model": "valuation.player",
  "pk": 2,
  "fields": {
    "user": 1,
    "name": "João Vitor Araújo da Silva",
    "public_name": "",
    "age": 20,
    "birth_date": null,
    "nationality": "",
    "position": "Volante",
    "secondary_positions": [],
    "dominant_foot": "",
    "height_cm": null,
    "weight_kg": null,
    "current_value": "400000.00",
    "league_level": "B",
    "club_origin": "Cuiabá",
    "category": "",
    "contract_months_remaining": null,
    "squad_status": "",
    "athlete_objectives": [],
    "training_environment_score": 0.0,
    "trajectory_score": 0.0,
    "profile_notes": "",
    "division_reference": null,
    "club_reference": null
  }
},
{
  "model": "valuation.player",
  "pk": 3,
  "fields": {
    "user": 4,
    "name": "João Vitor Arújo da Silva",
    "public_name": "Araújo",
    "age": 20,
    "birth_date": "2005-06-20",
    "nationality": "Brasil",
    "position": "Volante",
    "secondary_positions": [
      "Meia direita"
    ],
    "dominant_foot": "right",
    "height_cm": null,
    "weight_kg": null,
    "current_value": "0.00",
    "league_level": "Série B",
    "club_origin": "Cuiabá",
    "category": "professional",
    "contract_months_remaining": null,
    "squad_status": "rotation",
    "athlete_objectives": [
      "become_starter"
    ],
    "training_environment_score": 0.0,
    "trajectory_score": 0.0,
    "profile_notes": "Atleta formado no Grêmio com boa técnica, precisa se soltar mais, bom nivel de passe, boa dinamica de jogo, algumas decisões precisam melhorar, principalmente quando falo em fazer o jogo acontecer, menos bola pro lado e mais bola pra frente buscando o gol. O atleta precisa assumir a responsabilidade do jogo.",
    "division_reference": 2,
    "club_reference": 72
  }
},
{
  "model": "valuation.player",
  "pk": 4,
  "fields": {
    "user": 4,
    "name": "Benjamin dos Santos",
    "public_name": "Benjamin",
    "age": 16,
    "birth_date": "2009-07-14",
    "nationality": "Brasil",
    "position": "Meia esquerda",
    "secondary_positions": [
      "Meia esquerda"
    ],
    "dominant_foot": "left",
    "height_cm": null,
    "weight_kg": null,
    "current_value": "0.00",
    "league_level": "Série A",
    "club_origin": "Gremio",
    "category": "academy",
    "contract_months_remaining": null,
    "squad_status": "backup",
    "athlete_objectives": [
      "become_starter"
    ],
    "training_environment_score": 0.0,
    "trajectory_score": 0.0,
    "profile_notes": "Extremo ofensivo, jogador de aceleração, drible e bom no 1X1, Alto potencial técnico de formação. Sempre esteve nas categorias acima da sua idade.\r\nPonta , alta produção ofensiva (xG/xA maiores), drible forte, alta intensidade, jogador jovem explosivo. Base + Seleção.",
    "division_reference": 1,
    "club_reference": 201
  }
},
{
  "model": "valuation.player",
  "pk": 5,
  "fields": {
    "user": 4,
    "name": "Aloísio Barbosa de Abreu Neto",
    "public_name": "Aloísio",
    "age": 18,
    "birth_date": "2007-10-09",
    "nationality": "Brasil",
    "position": "Lateral direito",
    "secondary_positions": [
      "Zagueiro central"
    ],
    "dominant_foot": "right",
    "height_cm": 182,
    "weight_kg": 82,
    "current_value": "3000000.00",
    "league_level": "Série B",
    "club_origin": "Ceará",
    "category": "professional",
    "contract_months_remaining": 32,
    "squad_status": "limited",
    "athlete_objectives": [
      "gain_minutes"
    ],
    "training_environment_score": 65.0,
    "trajectory_score": 70.0,
    "profile_notes": "Jogador defensivo jovem, Em fase de formação avançada (base → profissional), Perfil físico e de imposição tende a ser diferencial, Defensor → baixo impacto ofensivo, Destaque em desarme e recuperação, Perfil consistente, não protagonista ofensivo",
    "division_reference": 2,
    "club_reference": 70
  }
},
{
  "model": "valuation.performancemetrics",
  "pk": 1,
  "fields": {
    "xg": 25.0,
    "xa": 20.0,
    "passes_pct": 82.0,
    "dribbles_pct": 65.0,
    "tackles_pct": 55.0,
    "high_intensity_distance": 80.0,
    "final_third_recoveries": 21.0
  }
},
{
  "model": "valuation.performancemetrics",
  "pk": 2,
  "fields": {
    "xg": 38.0,
    "xa": 40.0,
    "passes_pct": 86.0,
    "dribbles_pct": 58.0,
    "tackles_pct": 72.0,
    "high_intensity_distance": 79.0,
    "final_third_recoveries": 64.0
  }
},
{
  "model": "valuation.performancemetrics",
  "pk": 3,
  "fields": {
    "xg": 0.03,
    "xa": 0.05,
    "passes_pct": 85.0,
    "dribbles_pct": 62.0,
    "tackles_pct": 68.0,
    "high_intensity_distance": 950.0,
    "final_third_recoveries": 3.0
  }
},
{
  "model": "valuation.performancemetrics",
  "pk": 4,
  "fields": {
    "xg": 0.32,
    "xa": 0.18,
    "passes_pct": 78.0,
    "dribbles_pct": 71.0,
    "tackles_pct": 42.0,
    "high_intensity_distance": 1050.0,
    "final_third_recoveries": 5.0
  }
},
{
  "model": "valuation.performancemetrics",
  "pk": 5,
  "fields": {
    "xg": 0.04,
    "xa": 0.03,
    "passes_pct": 82.0,
    "dribbles_pct": 55.0,
    "tackles_pct": 72.0,
    "high_intensity_distance": 980.0,
    "final_third_recoveries": 4.0
  }
},
{
  "model": "valuation.marketmetrics",
  "pk": 1,
  "fields": {
    "annual_growth": 55.0,
    "club_interest": 0.0,
    "league_score": 85.0,
    "age_factor": 95.0,
    "club_reputation": 90.0
  }
},
{
  "model": "valuation.marketmetrics",
  "pk": 2,
  "fields": {
    "annual_growth": 68.0,
    "club_interest": 55.0,
    "league_score": 78.0,
    "age_factor": 74.0,
    "club_reputation": 88.0
  }
},
{
  "model": "valuation.marketmetrics",
  "pk": 3,
  "fields": {
    "annual_growth": 15.0,
    "club_interest": 40.0,
    "league_score": 30.0,
    "age_factor": 85.0,
    "club_reputation": 35.0
  }
},
{
  "model": "valuation.marketmetrics",
  "pk": 4,
  "fields": {
    "annual_growth": 25.0,
    "club_interest": 65.0,
    "league_score": 55.0,
    "age_factor": 95.0,
    "club_reputation": 85.0
  }
},
{
  "model": "valuation.marketmetrics",
  "pk": 5,
  "fields": {
    "annual_growth": 20.0,
    "club_interest": 45.0,
    "league_score": 55.0,
    "age_factor": 90.0,
    "club_reputation": 70.0
  }
},
{
  "model": "valuation.marketingmetrics",
  "pk": 1,
  "fields": {
    "instagram_handle": "",
    "instagram_followers": 0.0,
    "instagram_engagement": 0.0,
    "instagram_posts": 0.0,
    "tiktok_handle": "",
    "tiktok_followers": 0.0,
    "tiktok_engagement": 0.0,
    "tiktok_posts": 0.0,
    "x_handle": "",
    "x_followers": 0.0,
    "x_engagement": 0.0,
    "google_news_query": "",
    "youtube_query": "",
    "youtube_subscribers": 0.0,
    "youtube_avg_views": 0.0,
    "youtube_videos": 0.0,
    "collection_notes": "",
    "followers": 12000.0,
    "engagement": 90.0,
    "media_mentions": 65.0,
    "sponsorships": 45.0,
    "sentiment_score": 85.0
  }
},
{
  "model": "valuation.marketingmetrics",
  "pk": 2,
  "fields": {
    "instagram_handle": "",
    "instagram_followers": 0.0,
    "instagram_engagement": 0.0,
    "instagram_posts": 0.0,
    "tiktok_handle": "",
    "tiktok_followers": 0.0,
    "tiktok_engagement": 0.0,
    "tiktok_posts": 0.0,
    "x_handle": "",
    "x_followers": 0.0,
    "x_engagement": 0.0,
    "google_news_query": "",
    "youtube_query": "",
    "youtube_subscribers": 0.0,
    "youtube_avg_views": 0.0,
    "youtube_videos": 0.0,
    "collection_notes": "",
    "followers": 46.0,
    "engagement": 65.0,
    "media_mentions": 55.0,
    "sponsorships": 20.0,
    "sentiment_score": 80.0
  }
},
{
  "model": "valuation.marketingmetrics",
  "pk": 3,
  "fields": {
    "instagram_handle": "@_jvaraujo05",
    "instagram_followers": 5649.0,
    "instagram_engagement": 6.5,
    "instagram_posts": 25.0,
    "tiktok_handle": "",
    "tiktok_followers": 0.0,
    "tiktok_engagement": 0.0,
    "tiktok_posts": 0.0,
    "x_handle": "",
    "x_followers": 0.0,
    "x_engagement": 0.0,
    "google_news_query": "João Araújo Cuiabá volante",
    "youtube_query": "João Araújo highlights Grêmio volante",
    "youtube_subscribers": 0.0,
    "youtube_avg_views": 0.0,
    "youtube_videos": 0.0,
    "collection_notes": "Jogador jovem, com baixa exposição mediatica, vindo da base do Grêmio e inicio de profissionalização no Cuiabá. Potencial de crescimento alto dependendo de minutos em campo.",
    "followers": 5649.0,
    "engagement": 6.5,
    "media_mentions": 5.0,
    "sponsorships": 0.0,
    "sentiment_score": 75.0
  }
},
{
  "model": "valuation.marketingmetrics",
  "pk": 4,
  "fields": {
    "instagram_handle": "@beija_09",
    "instagram_followers": 12000.0,
    "instagram_engagement": 8.2,
    "instagram_posts": 35.0,
    "tiktok_handle": "",
    "tiktok_followers": 0.0,
    "tiktok_engagement": 0.0,
    "tiktok_posts": 0.0,
    "x_handle": "",
    "x_followers": 0.0,
    "x_engagement": 0.0,
    "google_news_query": "Benjamin Santos Grêmio base",
    "youtube_query": "Benjamin Santos highlitghts Grêmio baser",
    "youtube_subscribers": 0.0,
    "youtube_avg_views": 0.0,
    "youtube_videos": 0.0,
    "collection_notes": "Atleta promissor da base do Grêmio, com histórico de titulos e destaque técnico desde as categorias iniciais, sendo considerado jogador de alto potencial ofensivo. Teve varias chamadas pela seleção brasileira de categoria de base.",
    "followers": 12000.0,
    "engagement": 8.2,
    "media_mentions": 8.0,
    "sponsorships": 1.0,
    "sentiment_score": 82.0
  }
},
{
  "model": "valuation.marketingmetrics",
  "pk": 5,
  "fields": {
    "instagram_handle": "@aloisio_neto2",
    "instagram_followers": 6500.0,
    "instagram_engagement": 5.5,
    "instagram_posts": 40.0,
    "tiktok_handle": "@aloisio_02",
    "tiktok_followers": 4500.0,
    "tiktok_engagement": 0.0,
    "tiktok_posts": 0.0,
    "x_handle": "",
    "x_followers": 0.0,
    "x_engagement": 0.0,
    "google_news_query": "Aloísio Ceará base",
    "youtube_query": "Aloísio Neto zagueiro Ceará highlights",
    "youtube_subscribers": 0.0,
    "youtube_avg_views": 0.0,
    "youtube_videos": 0.0,
    "collection_notes": "Jogador jovem em clube competitivo, Boa janela de evolução (18 anos), Atleta jovem → boa base de seguidores, Engajamento médio, Atleta jovem em desenvolvimento no Ceará, com foco na evolução para o nível profissional e construção de minutagem competitiva.",
    "followers": 6500.0,
    "engagement": 5.5,
    "media_mentions": 3.0,
    "sponsorships": 0.0,
    "sentiment_score": 72.0
  }
},
{
  "model": "valuation.behaviormetrics",
  "pk": 1,
  "fields": {
    "conscientiousness": 85.0,
    "adaptability": 85.0,
    "resilience": 90.0,
    "deliberate_practice": 85.0,
    "executive_function": 75.0,
    "leadership": 70.0
  }
},
{
  "model": "valuation.behaviormetrics",
  "pk": 2,
  "fields": {
    "conscientiousness": 80.0,
    "adaptability": 85.0,
    "resilience": 85.0,
    "deliberate_practice": 80.0,
    "executive_function": 75.0,
    "leadership": 65.0
  }
},
{
  "model": "valuation.behaviormetrics",
  "pk": 3,
  "fields": {
    "conscientiousness": 8.0,
    "adaptability": 8.0,
    "resilience": 7.0,
    "deliberate_practice": 8.0,
    "executive_function": 7.0,
    "leadership": 6.0
  }
},
{
  "model": "valuation.behaviormetrics",
  "pk": 4,
  "fields": {
    "conscientiousness": 8.0,
    "adaptability": 9.0,
    "resilience": 8.0,
    "deliberate_practice": 9.0,
    "executive_function": 7.0,
    "leadership": 7.0
  }
},
{
  "model": "valuation.behaviormetrics",
  "pk": 5,
  "fields": {
    "conscientiousness": 8.0,
    "adaptability": 7.0,
    "resilience": 8.0,
    "deliberate_practice": 8.0,
    "executive_function": 7.0,
    "leadership": 6.0
  }
},
{
  "model": "valuation.playerhistory",
  "pk": 1,
  "fields": {
    "player": 1,
    "date": "2026-06-27",
    "performance_score": 71.36,
    "market_score": 72.88,
    "marketing_score": 54.06,
    "behavior_score": 83.5,
    "valuation_score": 70.63,
    "current_value": "0.00"
  }
},
{
  "model": "valuation.playerhistory",
  "pk": 2,
  "fields": {
    "player": 1,
    "date": "2026-07-09",
    "performance_score": 90.0,
    "market_score": 90.0,
    "marketing_score": 90.0,
    "behavior_score": 90.0,
    "valuation_score": 90.0,
    "current_value": "0.00"
  }
},
{
  "model": "valuation.playerhistory",
  "pk": 3,
  "fields": {
    "player": 2,
    "date": "2026-04-09",
    "performance_score": 0.0,
    "market_score": 7.5,
    "marketing_score": 0.0,
    "behavior_score": 0.0,
    "valuation_score": 1.5,
    "current_value": "400000.00"
  }
},
{
  "model": "valuation.playerhistory",
  "pk": 4,
  "fields": {
    "player": 1,
    "date": "2026-04-09",
    "performance_score": 71.36,
    "market_score": 72.88,
    "marketing_score": 54.06,
    "behavior_score": 83.5,
    "valuation_score": 70.63,
    "current_value": "0.00"
  }
},
{
  "model": "valuation.playerhistory",
  "pk": 5,
  "fields": {
    "player": 3,
    "date": "2026-04-13",
    "performance_score": 37.68,
    "market_score": 45.12,
    "marketing_score": 19.48,
    "behavior_score": 7.5,
    "valuation_score": 29.49,
    "current_value": "0.00"
  }
},
{
  "model": "valuation.playerhistory",
  "pk": 6,
  "fields": {
    "player": 4,
    "date": "2026-04-13",
    "performance_score": 43.19,
    "market_score": 67.88,
    "marketing_score": 23.48,
    "behavior_score": 8.15,
    "valuation_score": 37.18,
    "current_value": "0.00"
  }
},
{
  "model": "valuation.playerhistory",
  "pk": 7,
  "fields": {
    "player": 5,
    "date": "2026-04-13",
    "performance_score": 38.96,
    "market_score": 61.0,
    "marketing_score": 23.18,
    "behavior_score": 75.0,
    "valuation_score": 53.24,
    "current_value": "0.00"
  }
},
{
  "model": "valuation.playerhistory",
  "pk": 8,
  "fields": {
    "player": 5,
    "date": "2026-04-14",
    "performance_score": 38.96,
    "market_score": 61.0,
    "marketing_score": 23.18,
    "behavior_score": 75.0,
    "valuation_score": 54.16,
    "current_value": "3000000.00"
  }
},
{
  "model": "valuation.liveanalysissession",
  "pk": 1,
  "fields": {
    "player": 2,
    "observed_on": "2026-04-10",
    "kickoff_time": "14:18:00",
    "venue": "Observacao migrada",
    "home_away": "away",
    "weather": "Clima nao informado",
    "played_position": "Volante",
    "starter_status": "starter",
    "minute_entered": null,
    "match_notes": "Sessao criada automaticamente a partir de eventos antigos.",
    "match_story": "Historico legado migrado para o novo formato de analise ao vivo.",
    "confidence": 5,
    "intensity": 5,
    "focus": 5,
    "decision_making": 5,
    "resilience": 5,
    "anxiety": 5,
    "motivation": 5,
    "communication": 5,
    "discipline": 5,
    "emotional_control": 5,
    "created_at": "2026-04-10T19:03:50.970Z",
    "updated_at": "2026-04-10T19:03:50.970Z"
  }
},
{
  "model": "valuation.liveanalysisevent",
  "pk": 1,
  "fields": {
    "player": 2,
    "session": 1,
    "created_at": "2026-04-10T14:18:24.713Z",
    "match_period": "first_half",
    "minute": 1,
    "event_type": "received",
    "duration_seconds": 0.0,
    "points": 0.5,
    "notes": ""
  }
},
{
  "model": "valuation.liveanalysisevent",
  "pk": 2,
  "fields": {
    "player": 2,
    "session": 1,
    "created_at": "2026-04-10T14:18:48.944Z",
    "match_period": "first_half",
    "minute": 1,
    "event_type": "cross",
    "duration_seconds": 24.23,
    "points": 1.4,
    "notes": ""
  }
},
{
  "model": "valuation.liveanalysisevent",
  "pk": 3,
  "fields": {
    "player": 2,
    "session": 1,
    "created_at": "2026-04-10T20:19:23.633Z",
    "match_period": "first_half",
    "minute": 12,
    "event_type": "received",
    "duration_seconds": 0.0,
    "points": 0.5,
    "notes": ""
  }
},
{
  "model": "valuation.liveanalysisevent",
  "pk": 4,
  "fields": {
    "player": 2,
    "session": 1,
    "created_at": "2026-04-10T20:19:28.607Z",
    "match_period": "first_half",
    "minute": 12,
    "event_type": "cross",
    "duration_seconds": 4.97,
    "points": 1.4,
    "notes": ""
  }
},
{
  "model": "valuation.liveanalysisevent",
  "pk": 5,
  "fields": {
    "player": 2,
    "session": 1,
    "created_at": "2026-04-10T20:19:30.143Z",
    "match_period": "first_half",
    "minute": 12,
    "event_type": "cross",
    "duration_seconds": 0.0,
    "points": 1.4,
    "notes": ""
  }
},
{
  "model": "valuation.liveanalysisevent",
  "pk": 6,
  "fields": {
    "player": 2,
    "session": 1,
    "created_at": "2026-04-10T20:19:33.315Z",
    "match_period": "first_half",
    "minute": 12,
    "event_type": "shot",
    "duration_seconds": 0.0,
    "points": 1.8,
    "notes": ""
  }
},
{
  "model": "valuation.liveanalysisevent",
  "pk": 7,
  "fields": {
    "player": 2,
    "session": 1,
    "created_at": "2026-04-10T20:19:53.574Z",
    "match_period": "first_half",
    "minute": 17,
    "event_type": "forward_pass",
    "duration_seconds": 0.0,
    "points": 1.2,
    "notes": ""
  }
},
{
  "model": "valuation.liveanalysisevent",
  "pk": 8,
  "fields": {
    "player": 2,
    "session": 1,
    "created_at": "2026-04-10T20:20:42.688Z",
    "match_period": "first_half",
    "minute": 17,
    "event_type": "received",
    "duration_seconds": 0.0,
    "points": 0.5,
    "notes": ""
  }
},
{
  "model": "valuation.liveanalysisevent",
  "pk": 9,
  "fields": {
    "player": 2,
    "session": 1,
    "created_at": "2026-04-10T20:20:44.037Z",
    "match_period": "first_half",
    "minute": 17,
    "event_type": "cross",
    "duration_seconds": 1.35,
    "points": 1.4,
    "notes": ""
  }
},
{
  "model": "valuation.liveanalysisevent",
  "pk": 10,
  "fields": {
    "player": 2,
    "session": 1,
    "created_at": "2026-04-10T20:21:18.490Z",
    "match_period": "first_half",
    "minute": 20,
    "event_type": "forward_pass",
    "duration_seconds": 0.0,
    "points": 1.2,
    "notes": ""
  }
},
{
  "model": "valuation.hbxvalueprofile",
  "pk": 1,
  "fields": {
    "player": 3,
    "source": "manual",
    "mention_volume": 9,
    "mention_momentum": 55.25,
    "sentiment_score": 75.0,
    "estimated_reach": 9.5,
    "source_relevance": 42.34,
    "performance_rating": 37.6,
    "attention_spike": 58.99,
    "market_response": 19.4,
    "visibility_efficiency": 29.7,
    "market_perception_index": 38.77,
    "performance_impact_score": 40.38,
    "impact_correlation_score": 29.65,
    "trend_label": "Queda",
    "narrative_label": "Irregular",
    "market_label": "Percepcao fragil",
    "narrative_summary": "A atencao nao se converteu em confianca. O posicionamento precisa de consistencia competitiva.",
    "narrative_keywords": [
      "em observacao",
      "consistente",
      "em ascensao"
    ],
    "strategic_insights": [
      "A base tecnica ainda limita a valorizacao. O foco deve ser ganho de performance antes de aumentar exposicao."
    ],
    "source_targets": {
      "manual": {
        "context": ""
      },
      "tiktok": {
        "query": "Araújo",
        "handle": ""
      },
      "youtube": {
        "query": "João Araújo highlights Grêmio volante",
        "channel_id": ""
      },
      "instagram": {
        "handle": "@_jvaraujo05"
      },
      "google_news": {
        "query": "João Araújo Cuiabá volante",
        "rss_url": "https://news.google.com/search?q=jo%C3%A3o%20ara%C3%BAjo%20Cuiab%C3%A1%20Volante&hl=pt-BR&gl=BR&ceid=BR%3Apt-419"
      }
    },
    "source_collection": {
      "manual": {
        "reach": 0,
        "mentions": 0,
        "momentum": 0,
        "authority": 50.0,
        "sentiment": 75.0,
        "attention_spike": 48.2,
        "market_response": 19.4,
        "qualitative_note": "",
        "performance_rating": 37.6,
        "visibility_efficiency": 29.7
      },
      "tiktok": {
        "reach": 10.2,
        "videos": [],
        "mentions": 1,
        "momentum": 55.5,
        "authority": 58.0,
        "sentiment": 75.0
      },
      "youtube": {
        "reach": 9.1,
        "videos": [],
        "mentions": 1,
        "momentum": 52.0,
        "authority": 33.7,
        "sentiment": 75.0
      },
      "instagram": {
        "reach": 11.3,
        "mentions": 5,
        "momentum": 65.0,
        "authority": 32.5,
        "sentiment": 75.0
      },
      "google_news": {
        "reach": 9.6,
        "articles": [],
        "mentions": 2,
        "momentum": 60.0,
        "authority": 37.5,
        "sentiment": 75.0
      }
    },
    "delivery_payload": {
      "dashboard": {
        "trend_label": "Queda",
        "market_label": "Percepcao fragil",
        "source_count": 5,
        "narrative_label": "Irregular",
        "narrative_summary": "A atencao nao se converteu em confianca. O posicionamento precisa de consistencia competitiva.",
        "market_perception_index": 38.77
      },
      "manual_note": "",
      "integrated_indicators": {
        "mention_volume": 9,
        "estimated_reach": 9.5,
        "sentiment_score": 75.0,
        "source_relevance": 42.34,
        "impact_correlation_score": 29.65,
        "performance_impact_score": 40.38
      }
    },
    "updated_at": "2026-04-13T13:08:39.172Z",
    "created_at": "2026-04-13T13:08:39.172Z"
  }
},
{
  "model": "valuation.hbxvalueprofile",
  "pk": 2,
  "fields": {
    "player": 5,
    "source": "manual",
    "mention_volume": 5,
    "mention_momentum": 55.86,
    "sentiment_score": 72.0,
    "estimated_reach": 13.4,
    "source_relevance": 48.94,
    "performance_rating": 39.0,
    "attention_spike": 61.33,
    "market_response": 23.2,
    "visibility_efficiency": 38.3,
    "market_perception_index": 39.59,
    "performance_impact_score": 42.54,
    "impact_correlation_score": 33.33,
    "trend_label": "Queda",
    "narrative_label": "Irregular",
    "market_label": "Percepcao fragil",
    "narrative_summary": "A atencao nao se converteu em confianca. O posicionamento precisa de consistencia competitiva.",
    "narrative_keywords": [
      "em observacao",
      "consistente",
      "em ascensao"
    ],
    "strategic_insights": [
      "A base tecnica ainda limita a valorizacao. O foco deve ser ganho de performance antes de aumentar exposicao."
    ],
    "source_targets": {
      "manual": {
        "context": ""
      },
      "tiktok": {
        "query": "Aloísio",
        "handle": ""
      },
      "youtube": {
        "query": "Aloísio Neto zagueiro Ceará highlights",
        "channel_id": ""
      },
      "instagram": {
        "handle": "@aloisio_neto2"
      },
      "google_news": {
        "query": "Aloísio Ceará base",
        "rss_url": "https://news.google.com/search?q=Alo%C3%ADsio%20Cear%C3%A1%20base&hl=pt-BR&gl=BR&ceid=BR%3Apt-419"
      }
    },
    "source_collection": {
      "manual": {
        "reach": 0,
        "mentions": 0,
        "momentum": 0,
        "authority": 50.0,
        "sentiment": 72.0,
        "attention_spike": 49.8,
        "market_response": 23.2,
        "qualitative_note": "",
        "performance_rating": 39.0,
        "visibility_efficiency": 38.3
      },
      "tiktok": {
        "reach": 15.2,
        "videos": [],
        "mentions": 0,
        "momentum": 60.0,
        "authority": 58.0,
        "sentiment": 72.0
      },
      "youtube": {
        "reach": 13.5,
        "videos": [],
        "mentions": 1,
        "momentum": 56.0,
        "authority": 51.7,
        "sentiment": 72.0
      },
      "instagram": {
        "reach": 16.9,
        "mentions": 3,
        "momentum": 70.0,
        "authority": 27.5,
        "sentiment": 72.0
      },
      "google_news": {
        "reach": 14.4,
        "articles": [],
        "mentions": 1,
        "momentum": 65.0,
        "authority": 57.5,
        "sentiment": 72.0
      }
    },
    "delivery_payload": {
      "dashboard": {
        "trend_label": "Queda",
        "market_label": "Percepcao fragil",
        "source_count": 5,
        "narrative_label": "Irregular",
        "narrative_summary": "A atencao nao se converteu em confianca. O posicionamento precisa de consistencia competitiva.",
        "market_perception_index": 39.59
      },
      "manual_note": "",
      "integrated_indicators": {
        "mention_volume": 5,
        "estimated_reach": 13.4,
        "sentiment_score": 72.0,
        "source_relevance": 48.94,
        "impact_correlation_score": 33.33,
        "performance_impact_score": 42.54
      }
    },
    "updated_at": "2026-04-13T21:47:02.453Z",
    "created_at": "2026-04-13T21:47:02.453Z"
  }
},
{
  "model": "valuation.careerintelligencecase",
  "pk": 1,
  "fields": {
    "user": 1,
    "player": 2,
    "athlete_name": "João Vitor Araújo da Silva",
    "birth_date": "2005-06-20",
    "nationality": "Brasil",
    "position_primary": "Volante",
    "secondary_positions": [
      "Meia direita"
    ],
    "dominant_foot": "right",
    "height_cm": null,
    "weight_kg": null,
    "current_club": "Cuiabá",
    "category": "professional",
    "contract_months_remaining": null,
    "squad_status": "limited",
    "athlete_objectives": [
      "become_starter"
    ],
    "analyst_notes": "",
    "current_step": "coach",
    "report_generated_at": null,
    "created_at": "2026-04-12T19:18:13.029Z",
    "updated_at": "2026-04-12T23:53:31.832Z"
  }
},
{
  "model": "valuation.careerintelligencecase",
  "pk": 2,
  "fields": {
    "user": 4,
    "player": 3,
    "athlete_name": "João Vitor Arújo da Silva",
    "birth_date": "2005-06-20",
    "nationality": "Brasil",
    "position_primary": "Volante",
    "secondary_positions": [
      "Meia direita"
    ],
    "dominant_foot": "right",
    "height_cm": null,
    "weight_kg": null,
    "current_club": "Cuiabá",
    "category": "professional",
    "contract_months_remaining": null,
    "squad_status": "rotation",
    "athlete_objectives": [
      "become_starter"
    ],
    "analyst_notes": "Atleta formado no Grêmio com boa técnica, precisa se soltar mais, bom nivel de passe, boa dinamica de jogo, algumas decisões precisam melhorar, principalmente quando falo em fazer o jogo acontecer, menos bola pro lado e mais bola pra frente buscando o gol. O atleta precisa assumir a responsabilidade do jogo.",
    "current_step": "athlete",
    "report_generated_at": null,
    "created_at": "2026-04-13T13:02:43.487Z",
    "updated_at": "2026-04-13T13:02:43.487Z"
  }
},
{
  "model": "valuation.careerintelligencecase",
  "pk": 3,
  "fields": {
    "user": 4,
    "player": 4,
    "athlete_name": "Benjamin dos Santos",
    "birth_date": "2009-07-14",
    "nationality": "Brasil",
    "position_primary": "Meia esquerda",
    "secondary_positions": [
      "Meia esquerda"
    ],
    "dominant_foot": "left",
    "height_cm": null,
    "weight_kg": null,
    "current_club": "Gremio",
    "category": "academy",
    "contract_months_remaining": null,
    "squad_status": "backup",
    "athlete_objectives": [
      "become_starter"
    ],
    "analyst_notes": "Extremo ofensivo, jogador de aceleração, drible e bom no 1X1, Alto potencial técnico de formação. Sempre esteve nas categorias acima da sua idade.\r\nPonta , alta produção ofensiva (xG/xA maiores), drible forte, alta intensidade, jogador jovem explosivo. Base + Seleção.",
    "current_step": "athlete",
    "report_generated_at": null,
    "created_at": "2026-04-13T14:53:39.025Z",
    "updated_at": "2026-04-13T14:53:39.025Z"
  }
},
{
  "model": "valuation.careerintelligencecase",
  "pk": 4,
  "fields": {
    "user": 4,
    "player": 5,
    "athlete_name": "Aloísio Barbosa de Abreu Neto",
    "birth_date": "2007-10-09",
    "nationality": "Brasil",
    "position_primary": "Lateral direito",
    "secondary_positions": [
      "Zagueiro central"
    ],
    "dominant_foot": "right",
    "height_cm": 182,
    "weight_kg": 82,
    "current_club": "Ceará",
    "category": "professional",
    "contract_months_remaining": 32,
    "squad_status": "limited",
    "athlete_objectives": [
      "gain_minutes"
    ],
    "analyst_notes": "Jogador defensivo jovem, Em fase de formação avançada (base → profissional), Perfil físico e de imposição tende a ser diferencial, Defensor → baixo impacto ofensivo, Destaque em desarme e recuperação, Perfil consistente, não protagonista ofensivo",
    "current_step": "athlete",
    "report_generated_at": null,
    "created_at": "2026-04-13T21:43:49.522Z",
    "updated_at": "2026-04-14T12:37:08.296Z"
  }
},
{
  "model": "valuation.clubcompetitivecontext",
  "pk": 1,
  "fields": {
    "case": 1,
    "club_name": "Cuiabá",
    "competition": "Série B",
    "category": "",
    "team_moment": "rebuild",
    "pressure_level": "medium",
    "club_philosophy": "mixed",
    "notes": "",
    "updated_at": "2026-04-12T19:19:04.765Z"
  }
},
{
  "model": "valuation.coachprofile",
  "pk": 1,
  "fields": {
    "case": 1,
    "coach_name": "",
    "age": null,
    "nationality": "",
    "months_in_charge": null,
    "profile_type": "developer",
    "experience_preference": "balanced",
    "academy_usage_history": "",
    "physical_demand": "medium",
    "tactical_demand": "medium",
    "selection_criteria": [],
    "analyst_notes": ""
  }
},
{
  "model": "valuation.competitivediagnosis",
  "pk": 1,
  "fields": {
    "case": 1,
    "main_reason": "technical_gap",
    "secondary_reasons": [],
    "contextual_reasons": [],
    "other_reason": "",
    "summary": ""
  }
},
{
  "model": "valuation.careerprognosis",
  "pk": 1,
  "fields": {
    "case": 1,
    "classification": "moderate",
    "timeframe": "medium",
    "justification": ""
  }
},
{
  "model": "valuation.individualdevelopmentplan",
  "pk": 1,
  "fields": {
    "case": 1,
    "strengths_to_keep": "",
    "short_term_priorities": "",
    "medium_term_development": "",
    "contextual_factors": "",
    "mental_strategy": "",
    "practical_strategy": "",
    "priority_actions": [],
    "template_name": ""
  }
}
]
